Id,关卡Id,事件Id,事件类型,参数1,参数2,参数3,参数4,参数5,参数6,参数7,参数8,参数9,参数10,说明,对应地图
Id,LevelId,EventId,EventType,Param1,Param2,Param3,Param4,Param5,Param6,Param7,Param8,Param9,Param10,Ext,MapId
65537,1,1,5,100,30,0,0,0,0,0,0,0,0,倒计时30秒开始游戏,通用
65538,1,2,5,101,5,0,0,0,0,0,0,0,0,开局倒计时结束后目标文字显示间隔5秒,通用
65539,1,3,3,1,1,0,0,0,0,0,0,0,0,玩家触发第1组出生点,通用
65540,1,4,3,2,1,0,0,0,0,0,0,0,0,玩家触发第2组出生点,通用
65541,1,5,1,0,1,2,1,0,0,0,0,0,0,摧毁1个电力设施,6
65542,1,6,6,1,4,0,0,0,0,0,0,0,0,摧毁4个电力设施,6
65543,1,7,5,1,5,0,0,0,0,0,0,0,0,摧毁所有电力设施5秒后显示提示文字,6
65544,1,8,6,2,2,0,0,0,0,0,0,0,0,所有目标已达成,6
65545,1,9,3,100,1,0,0,0,0,0,0,0,0,玩家抵达关卡终点,通用
65546,1,10,3,100,0,-2,0,0,0,0,0,0,0,所有玩家抵达关卡终点,通用
65547,1,11,5,102,30,0,0,0,0,0,0,0,0,倒计时30秒结束关卡,通用
131073,2,1,5,100,30,0,0,0,0,0,0,0,0,倒计时30秒开始游戏,7
131074,2,2,5,101,5,0,0,0,0,0,0,0,0,开局倒计时结束后目标文字显示间隔5秒,7
131075,2,3,3,1,1,0,0,0,0,0,0,0,0,玩家触发第1组出生点,7
131076,2,4,3,2,1,0,0,0,0,0,0,0,0,玩家触发第2组出生点,7
131077,2,5,3,3,1,0,0,0,0,0,0,0,0,玩家触发第3组出生点,7
131078,2,6,3,11,0,-2,0,0,0,0,0,0,0,所有玩家抵达隔离室区域,7
131079,2,7,5,1,5,0,0,0,0,0,0,0,0,进入隔离室后打开门的间隔,7
131080,2,8,1,3,0,2,0,0,0,0,0,0,0,引擎控制器被摧毁,7
131081,2,9,5,2,10,0,0,0,0,0,0,0,0,第1波敌人来袭,7
131082,2,10,5,2,70,0,0,0,0,0,0,0,0,第2波敌人来袭,7
131083,2,11,5,2,120,0,0,0,0,0,0,0,0,第3波敌人来袭,7
131084,2,12,5,2,180,0,0,0,0,0,0,0,0,第4波敌人来袭,7
131085,2,13,5,2,240,0,0,0,0,0,0,0,0,防守结束关卡终点门开启,7
131086,2,14,3,100,1,0,0,0,0,0,0,0,0,玩家抵达关卡终点,7
131087,2,15,3,100,0,-2,0,0,0,0,0,0,0,所有玩家抵达关卡终点,7
131088,2,16,5,102,30,0,0,0,0,0,0,0,0,倒计时30秒结束关卡,7
196609,3,1,5,100,30,0,0,0,0,0,0,0,0,倒计时30秒开始游戏,9
196610,3,2,5,101,5,0,0,0,0,0,0,0,0,开局倒计时结束后目标文字显示间隔5秒,9
196611,3,3,3,1,1,0,0,0,0,0,0,0,0,玩家触发出生点,9
196612,3,4,0,1004,1,0,0,0,0,0,0,0,0,BOSS被击毙(普通),9
196613,3,5,5,102,30,0,0,0,0,0,0,0,0,倒计时30秒结束关卡,9
196614,3,6,1,2,0,2,0,0,0,0,0,0,0,宝箱,9
196615,3,7,0,1009,1,0,0,0,0,0,0,0,0,BOSS被击毙(普通),9
262145,4,1,5,100,30,0,0,0,0,0,0,0,0,倒计时30秒开始游戏,通用
262146,4,2,5,101,5,0,0,0,0,0,0,0,0,开局倒计时结束后目标文字显示间隔5秒,通用
262147,4,3,3,1,1,0,0,0,0,0,0,0,0,玩家触发第1组出生点,通用
262148,4,4,3,2,1,0,0,0,0,0,0,0,0,玩家触发第2组出生点,通用
262149,4,5,1,0,1,2,1,0,0,0,0,0,0,摧毁1个电力设施,6
262150,4,6,6,1,4,0,0,0,0,0,0,0,0,摧毁4个电力设施,6
262151,4,7,5,1,5,0,0,0,0,0,0,0,0,摧毁所有电力设施5秒后显示提示文字,6
262152,4,8,6,2,2,0,0,0,0,0,0,0,0,所有目标已达成,6
262153,4,9,3,100,1,0,0,0,0,0,0,0,0,玩家抵达关卡终点,通用
262154,4,10,3,100,0,-2,0,0,0,0,0,0,0,所有玩家抵达关卡终点,通用
262155,4,11,5,102,30,0,0,0,0,0,0,0,0,倒计时30秒结束关卡,通用
327681,5,1,5,100,30,0,0,0,0,0,0,0,0,倒计时30秒开始游戏,7
327682,5,2,5,101,5,0,0,0,0,0,0,0,0,开局倒计时结束后目标文字显示间隔5秒,7
327683,5,3,3,1,1,0,0,0,0,0,0,0,0,玩家触发第1组出生点,7
327684,5,4,3,2,1,0,0,0,0,0,0,0,0,玩家触发第2组出生点,7
327685,5,5,3,3,1,0,0,0,0,0,0,0,0,玩家触发第3组出生点,7
327686,5,6,3,11,0,-2,0,0,0,0,0,0,0,所有玩家抵达隔离室区域,7
327687,5,7,5,1,5,0,0,0,0,0,0,0,0,进入隔离室后打开门的间隔,7
327688,5,8,1,3,0,2,0,0,0,0,0,0,0,引擎控制器被摧毁,7
327689,5,9,5,2,10,0,0,0,0,0,0,0,0,第1波敌人来袭,7
327690,5,10,5,2,70,0,0,0,0,0,0,0,0,第2波敌人来袭,7
327691,5,11,5,2,120,0,0,0,0,0,0,0,0,第3波敌人来袭,7
327692,5,12,5,2,180,0,0,0,0,0,0,0,0,第4波敌人来袭,7
327693,5,13,5,2,240,0,0,0,0,0,0,0,0,防守结束关卡终点门开启,7
327694,5,14,3,100,1,0,0,0,0,0,0,0,0,玩家抵达关卡终点,7
327695,5,15,3,100,0,-2,0,0,0,0,0,0,0,所有玩家抵达关卡终点,7
327696,5,16,5,102,30,0,0,0,0,0,0,0,0,倒计时30秒结束关卡,7
393217,6,1,5,100,30,0,0,0,0,0,0,0,0,倒计时30秒开始游戏,9
393218,6,2,5,101,5,0,0,0,0,0,0,0,0,开局倒计时结束后目标文字显示间隔5秒,9
393219,6,3,3,1,1,0,0,0,0,0,0,0,0,玩家触发出生点,9
393220,6,4,0,1004,1,0,0,0,0,0,0,0,0,BOSS被击毙(普通),9
393221,6,5,5,102,30,0,0,0,0,0,0,0,0,倒计时30秒结束关卡,9
393222,6,6,1,2,0,2,0,0,0,0,0,0,0,宝箱,9
393223,6,7,0,1009,1,0,0,0,0,0,0,0,0,BOSS被击毙(普通),9
458753,7,1,5,100,30,0,0,0,0,0,0,0,0,倒计时30秒开始游戏,通用
458754,7,2,5,101,5,0,0,0,0,0,0,0,0,开局倒计时结束后目标文字显示间隔5秒,通用
458755,7,3,3,1,1,0,0,0,0,0,0,0,0,玩家触发第1组出生点,通用
458756,7,4,3,2,1,0,0,0,0,0,0,0,0,玩家触发第2组出生点,通用
458757,7,5,1,0,1,2,1,0,0,0,0,0,0,摧毁1个电力设施,6
458758,7,6,6,1,4,0,0,0,0,0,0,0,0,摧毁4个电力设施,6
458759,7,7,5,1,5,0,0,0,0,0,0,0,0,摧毁所有电力设施5秒后显示提示文字,6
458760,7,8,6,2,2,0,0,0,0,0,0,0,0,所有目标已达成,6
458761,7,9,3,100,1,0,0,0,0,0,0,0,0,玩家抵达关卡终点,通用
458762,7,10,3,100,0,-2,0,0,0,0,0,0,0,所有玩家抵达关卡终点,通用
458763,7,11,5,102,30,0,0,0,0,0,0,0,0,倒计时30秒结束关卡,通用
524289,8,1,5,100,30,0,0,0,0,0,0,0,0,倒计时30秒开始游戏,7
524290,8,2,5,101,5,0,0,0,0,0,0,0,0,开局倒计时结束后目标文字显示间隔5秒,7
524291,8,3,3,1,1,0,0,0,0,0,0,0,0,玩家触发第1组出生点,7
524292,8,4,3,2,1,0,0,0,0,0,0,0,0,玩家触发第2组出生点,7
524293,8,5,3,3,1,0,0,0,0,0,0,0,0,玩家触发第3组出生点,7
524294,8,6,3,11,0,-2,0,0,0,0,0,0,0,所有玩家抵达隔离室区域,7
524295,8,7,5,1,5,0,0,0,0,0,0,0,0,进入隔离室后打开门的间隔,7
524296,8,8,1,3,0,2,0,0,0,0,0,0,0,引擎控制器被摧毁,7
524297,8,9,5,2,10,0,0,0,0,0,0,0,0,第1波敌人来袭,7
524298,8,10,5,2,70,0,0,0,0,0,0,0,0,第2波敌人来袭,7
524299,8,11,5,2,120,0,0,0,0,0,0,0,0,第3波敌人来袭,7
524300,8,12,5,2,180,0,0,0,0,0,0,0,0,第4波敌人来袭,7
524301,8,13,5,2,240,0,0,0,0,0,0,0,0,防守结束关卡终点门开启,7
524302,8,14,3,100,1,0,0,0,0,0,0,0,0,玩家抵达关卡终点,7
524303,8,15,3,100,0,-2,0,0,0,0,0,0,0,所有玩家抵达关卡终点,7
524304,8,16,5,102,30,0,0,0,0,0,0,0,0,倒计时30秒结束关卡,7
589825,9,1,5,100,30,0,0,0,0,0,0,0,0,倒计时30秒开始游戏,9
589826,9,2,5,101,5,0,0,0,0,0,0,0,0,开局倒计时结束后目标文字显示间隔5秒,9
589827,9,3,3,1,1,0,0,0,0,0,0,0,0,玩家触发出生点,9
589828,9,4,0,1004,1,0,0,0,0,0,0,0,0,BOSS被击毙(普通),9
589829,9,5,5,102,30,0,0,0,0,0,0,0,0,倒计时30秒结束关卡,9
589830,9,6,1,2,0,2,0,0,0,0,0,0,0,宝箱,9
589831,9,7,0,1009,1,0,0,0,0,0,0,0,0,BOSS被击毙(普通),9
655361,10,1,5,100,30,0,0,0,0,0,0,0,0,倒计时30秒开始游戏,3
655362,10,2,5,101,5,0,0,0,0,0,0,0,0,开局倒计时结束后目标文字显示间隔5秒,3
655363,10,3,3,1,1,0,0,0,0,0,0,0,0,玩家触发第1组出生点,3
655364,10,4,3,2,1,0,0,0,0,0,0,0,0,玩家触发第2组出生点,3
655365,10,5,3,3,1,0,0,0,0,0,0,0,0,玩家触发第3组出生点,3
655366,10,6,3,4,1,0,0,0,0,0,0,0,0,玩家触发第4组出生点,3
655367,10,7,3,5,1,0,0,0,0,0,0,0,0,玩家触发第5组出生点,3
655368,10,8,3,6,1,0,0,0,0,0,0,0,0,玩家抵达关卡终点,3
655369,10,9,3,6,0,-2,0,0,0,0,0,0,0,所有玩家抵达关卡终点,3
655370,10,10,5,102,30,0,0,0,0,0,0,0,0,倒计时30秒结束关卡,3
720897,11,1,5,100,30,0,0,0,0,0,0,0,0,倒计时30秒开始游戏,12
720898,11,2,5,101,5,0,0,0,0,0,0,0,0,开局倒计时结束后目标文字显示间隔5秒,12
720899,11,3,3,1,1,0,0,0,0,0,0,0,0,玩家触发第1组出生点,12
720900,11,4,3,2,1,0,0,0,0,0,0,0,0,玩家触发第2组出生点,12
720901,11,5,3,3,1,0,0,0,0,0,0,0,0,玩家触发第3组出生点,12
720902,11,6,3,4,1,0,0,0,0,0,0,0,0,玩家触发第4组出生点,12
720903,11,7,3,5,1,0,0,0,0,0,0,0,0,玩家触发第5组出生点,12
720904,11,8,3,6,1,0,0,0,0,0,0,0,0,玩家触发第6组出生点,12
720905,11,9,3,7,1,0,0,0,0,0,0,0,0,玩家触发第7组出生点,12
720906,11,10,3,8,1,0,0,0,0,0,0,0,0,玩家触发第8组出生点,12
720907,11,11,3,9,1,0,0,0,0,0,0,0,0,玩家抵达关卡终点,12
720908,11,12,3,9,0,-2,0,0,0,0,0,0,0,所有玩家抵达关卡终点,12
720909,11,13,5,102,30,0,0,0,0,0,0,0,0,倒计时30秒结束关卡,12
786433,12,1,5,100,30,0,0,0,0,0,0,0,0,倒计时30秒开始游戏,13
786434,12,2,5,101,5,0,0,0,0,0,0,0,0,开局倒计时结束后目标文字显示间隔5秒,13
786435,12,3,3,1,1,0,0,0,0,0,0,0,0,玩家触发第1组出生点,13
786436,12,4,3,2,1,0,0,0,0,0,0,0,0,玩家触发第2组出生点,13
786437,12,5,3,3,1,0,0,0,0,0,0,0,0,玩家触发第3组出生点,13
786438,12,6,3,4,1,0,0,0,0,0,0,0,0,玩家触发第4组出生点,13
786439,12,7,3,5,1,0,0,0,0,0,0,0,0,玩家触发第5组出生点,13
786440,12,8,3,6,1,0,0,0,0,0,0,0,0,玩家触发第6组出生点,13
786441,12,9,0,1014,1,0,0,0,0,0,0,0,0,BOSS被击毙,13
786442,12,10,5,102,30,0,0,0,0,0,0,0,0,倒计时30秒结束关卡,13
786443,12,11,1,2,0,2,0,0,0,0,0,0,0,宝箱,13
851969,13,1,5,100,30,0,0,0,0,0,0,0,0,倒计时30秒开始游戏,3
851970,13,2,5,101,5,0,0,0,0,0,0,0,0,开局倒计时结束后目标文字显示间隔5秒,3
851971,13,3,3,1,1,0,0,0,0,0,0,0,0,玩家触发第1组出生点,3
851972,13,4,3,2,1,0,0,0,0,0,0,0,0,玩家触发第2组出生点,3
851973,13,5,3,3,1,0,0,0,0,0,0,0,0,玩家触发第3组出生点,3
851974,13,6,3,4,1,0,0,0,0,0,0,0,0,玩家触发第4组出生点,3
851975,13,7,3,5,1,0,0,0,0,0,0,0,0,玩家触发第5组出生点,3
851976,13,8,3,6,1,0,0,0,0,0,0,0,0,玩家抵达关卡终点,3
851977,13,9,3,6,0,-2,0,0,0,0,0,0,0,所有玩家抵达关卡终点,3
851978,13,10,5,102,30,0,0,0,0,0,0,0,0,倒计时30秒结束关卡,3
917505,14,1,5,100,30,0,0,0,0,0,0,0,0,倒计时30秒开始游戏,12
917506,14,2,5,101,5,0,0,0,0,0,0,0,0,开局倒计时结束后目标文字显示间隔5秒,12
917507,14,3,3,1,1,0,0,0,0,0,0,0,0,玩家触发第1组出生点,12
917508,14,4,3,2,1,0,0,0,0,0,0,0,0,玩家触发第2组出生点,12
917509,14,5,3,3,1,0,0,0,0,0,0,0,0,玩家触发第3组出生点,12
917510,14,6,3,4,1,0,0,0,0,0,0,0,0,玩家触发第4组出生点,12
917511,14,7,3,5,1,0,0,0,0,0,0,0,0,玩家触发第5组出生点,12
917512,14,8,3,6,1,0,0,0,0,0,0,0,0,玩家触发第6组出生点,12
917513,14,9,3,7,1,0,0,0,0,0,0,0,0,玩家触发第7组出生点,12
917514,14,10,3,8,1,0,0,0,0,0,0,0,0,玩家触发第8组出生点,12
917515,14,11,3,9,1,0,0,0,0,0,0,0,0,玩家抵达关卡终点,12
917516,14,12,3,9,0,-2,0,0,0,0,0,0,0,所有玩家抵达关卡终点,12
917517,14,13,5,102,30,0,0,0,0,0,0,0,0,倒计时30秒结束关卡,12
983041,15,1,5,100,30,0,0,0,0,0,0,0,0,倒计时30秒开始游戏,13
983042,15,2,5,101,5,0,0,0,0,0,0,0,0,开局倒计时结束后目标文字显示间隔5秒,13
983043,15,3,3,1,1,0,0,0,0,0,0,0,0,玩家触发第1组出生点,13
983044,15,4,3,2,1,0,0,0,0,0,0,0,0,玩家触发第2组出生点,13
983045,15,5,3,3,1,0,0,0,0,0,0,0,0,玩家触发第3组出生点,13
983046,15,6,3,4,1,0,0,0,0,0,0,0,0,玩家触发第4组出生点,13
983047,15,7,3,5,1,0,0,0,0,0,0,0,0,玩家触发第5组出生点,13
983048,15,8,3,6,1,0,0,0,0,0,0,0,0,玩家触发第6组出生点,13
983049,15,9,0,1014,1,0,0,0,0,0,0,0,0,BOSS被击毙,13
983050,15,10,5,102,30,0,0,0,0,0,0,0,0,倒计时30秒结束关卡,13
983051,15,11,1,2,0,2,0,0,0,0,0,0,0,宝箱,13
1048577,16,1,5,100,30,0,0,0,0,0,0,0,0,倒计时30秒开始游戏,3
1048578,16,2,5,101,5,0,0,0,0,0,0,0,0,开局倒计时结束后目标文字显示间隔5秒,3
1048579,16,3,3,1,1,0,0,0,0,0,0,0,0,玩家触发第1组出生点,3
1048580,16,4,3,2,1,0,0,0,0,0,0,0,0,玩家触发第2组出生点,3
1048581,16,5,3,3,1,0,0,0,0,0,0,0,0,玩家触发第3组出生点,3
1048582,16,6,3,4,1,0,0,0,0,0,0,0,0,玩家触发第4组出生点,3
1048583,16,7,3,5,1,0,0,0,0,0,0,0,0,玩家触发第5组出生点,3
1048584,16,8,3,6,1,0,0,0,0,0,0,0,0,玩家抵达关卡终点,3
1048585,16,9,3,6,0,-2,0,0,0,0,0,0,0,所有玩家抵达关卡终点,3
1048586,16,10,5,102,30,0,0,0,0,0,0,0,0,倒计时30秒结束关卡,3
1114113,17,1,5,100,30,0,0,0,0,0,0,0,0,倒计时30秒开始游戏,12
1114114,17,2,5,101,5,0,0,0,0,0,0,0,0,开局倒计时结束后目标文字显示间隔5秒,12
1114115,17,3,3,1,1,0,0,0,0,0,0,0,0,玩家触发第1组出生点,12
1114116,17,4,3,2,1,0,0,0,0,0,0,0,0,玩家触发第2组出生点,12
1114117,17,5,3,3,1,0,0,0,0,0,0,0,0,玩家触发第3组出生点,12
1114118,17,6,3,4,1,0,0,0,0,0,0,0,0,玩家触发第4组出生点,12
1114119,17,7,3,5,1,0,0,0,0,0,0,0,0,玩家触发第5组出生点,12
1114120,17,8,3,6,1,0,0,0,0,0,0,0,0,玩家触发第6组出生点,12
1114121,17,9,3,7,1,0,0,0,0,0,0,0,0,玩家触发第7组出生点,12
1114122,17,10,3,8,1,0,0,0,0,0,0,0,0,玩家触发第8组出生点,12
1114123,17,11,3,9,1,0,0,0,0,0,0,0,0,玩家抵达关卡终点,12
1114124,17,12,3,9,0,-2,0,0,0,0,0,0,0,所有玩家抵达关卡终点,12
1114125,17,13,5,102,30,0,0,0,0,0,0,0,0,倒计时30秒结束关卡,12
1179649,18,1,5,100,30,0,0,0,0,0,0,0,0,倒计时30秒开始游戏,13
1179650,18,2,5,101,5,0,0,0,0,0,0,0,0,开局倒计时结束后目标文字显示间隔5秒,13
1179651,18,3,3,1,1,0,0,0,0,0,0,0,0,玩家触发第1组出生点,13
1179652,18,4,3,2,1,0,0,0,0,0,0,0,0,玩家触发第2组出生点,13
1179653,18,5,3,3,1,0,0,0,0,0,0,0,0,玩家触发第3组出生点,13
1179654,18,6,3,4,1,0,0,0,0,0,0,0,0,玩家触发第4组出生点,13
1179655,18,7,3,5,1,0,0,0,0,0,0,0,0,玩家触发第5组出生点,13
1179656,18,8,3,6,1,0,0,0,0,0,0,0,0,玩家触发第6组出生点,13
1179657,18,9,0,1014,1,0,0,0,0,0,0,0,0,BOSS被击毙,13
1179658,18,10,5,102,30,0,0,0,0,0,0,0,0,倒计时30秒结束关卡,13
1179659,18,11,1,2,0,2,0,0,0,0,0,0,0,宝箱,13
1245185,19,1,5,100,30,0,0,0,0,0,0,0,0,倒计时30秒开始游戏,11
1245186,19,2,5,101,5,0,0,0,0,0,0,0,0,开局倒计时结束后目标文字显示间隔5秒,11
1245187,19,3,5,1,10,0,0,0,0,0,0,0,0,开始间隔,11
1245188,19,4,5,11,5,0,0,0,0,0,0,0,0,显示波数后5秒激活出生点1,11
1245189,19,5,0,1010,4,0,0,0,0,0,0,0,0,第1波结束,11
1245190,19,6,5,2,10,0,0,0,0,0,0,0,0,开始间隔,11
1245191,19,7,5,12,5,0,0,0,0,0,0,0,0,显示波数后5秒激活出生点2,11
1245192,19,8,0,1010,8,0,0,0,0,0,0,0,0,第2波结束,11
1245193,19,9,5,3,10,0,0,0,0,0,0,0,0,开始间隔,11
1245194,19,10,5,13,5,0,0,0,0,0,0,0,0,显示波数后5秒激活出生点3,11
1245195,19,11,0,1010,14,0,0,0,0,0,0,0,0,第3波结束,11
1245196,19,12,5,4,10,0,0,0,0,0,0,0,0,开始间隔,11
1245197,19,13,5,14,5,0,0,0,0,0,0,0,0,显示波数后5秒激活出生点4,11
1245198,19,14,0,1010,22,0,0,0,0,0,0,0,0,第4波结束,11
1245199,19,15,5,5,10,0,0,0,0,0,0,0,0,开始间隔,11
1245200,19,16,5,15,5,0,0,0,0,0,0,0,0,显示波数后5秒激活出生点5,11
1245201,19,17,0,1010,38,0,0,0,0,0,0,0,0,第5波结束,11
1245202,19,18,5,6,10,0,0,0,0,0,0,0,0,开始间隔,11
1245203,19,19,5,16,5,0,0,0,0,0,0,0,0,显示波数后5秒激活出生点6,11
1245204,19,20,0,1010,58,0,0,0,0,0,0,0,0,第6波结束,11
1245205,19,21,5,7,10,0,0,0,0,0,0,0,0,开始间隔,11
1245206,19,22,5,17,5,0,0,0,0,0,0,0,0,显示波数后5秒激活出生点7,11
1245207,19,23,0,1010,90,0,0,0,0,0,0,0,0,第7波结束,11
1245208,19,24,5,8,10,0,0,0,0,0,0,0,0,开始间隔,11
1245209,19,25,5,18,5,0,0,0,0,0,0,0,0,显示波数后5秒激活出生点8,11
1245210,19,26,0,1010,122,0,0,0,0,0,0,0,0,第8波结束,11
1245211,19,27,5,9,10,0,0,0,0,0,0,0,0,开始间隔,11
1245212,19,28,5,19,5,0,0,0,0,0,0,0,0,显示波数后5秒激活出生点9,11
1245213,19,29,0,1010,154,0,0,0,0,0,0,0,0,第9波结束,11
1245214,19,30,5,10,10,0,0,0,0,0,0,0,0,开始间隔,11
1245215,19,31,5,20,5,0,0,0,0,0,0,0,0,显示波数后5秒激活出生点10,11
1245216,19,32,0,1010,186,0,0,0,0,0,0,0,0,第10波结束,11
1245217,19,33,5,102,60,0,0,0,0,0,0,0,0,倒计时60秒结束关卡,11
1310721,20,1,5,100,30,0,0,0,0,0,0,0,0,倒计时30秒开始游戏,11
1310722,20,2,5,101,5,0,0,0,0,0,0,0,0,开局倒计时结束后目标文字显示间隔5秒,11
1310723,20,3,5,1,10,0,0,0,0,0,0,0,0,开始间隔,11
1310724,20,4,5,31,5,0,0,0,0,0,0,0,0,显示波数后5秒激活出生点1,11
1310725,20,5,0,1010,4,0,0,0,0,0,0,0,0,第1波结束,11
1310726,20,6,5,2,10,0,0,0,0,0,0,0,0,开始间隔,11
1310727,20,7,5,32,5,0,0,0,0,0,0,0,0,显示波数后5秒激活出生点2,11
1310728,20,8,0,1010,8,0,0,0,0,0,0,0,0,第2波结束,11
1310729,20,9,5,3,10,0,0,0,0,0,0,0,0,开始间隔,11
1310730,20,10,5,33,5,0,0,0,0,0,0,0,0,显示波数后5秒激活出生点3,11
1310731,20,11,0,1010,14,0,0,0,0,0,0,0,0,第3波结束,11
1310732,20,12,5,4,10,0,0,0,0,0,0,0,0,开始间隔,11
1310733,20,13,5,34,5,0,0,0,0,0,0,0,0,显示波数后5秒激活出生点4,11
1310734,20,14,0,1010,22,0,0,0,0,0,0,0,0,第4波结束,11
1310735,20,15,5,5,10,0,0,0,0,0,0,0,0,开始间隔,11
1310736,20,16,5,35,5,0,0,0,0,0,0,0,0,显示波数后5秒激活出生点5,11
1310737,20,17,0,1010,38,0,0,0,0,0,0,0,0,第5波结束,11
1310738,20,18,5,6,10,0,0,0,0,0,0,0,0,开始间隔,11
1310739,20,19,5,36,5,0,0,0,0,0,0,0,0,显示波数后5秒激活出生点6,11
1310740,20,20,0,1010,58,0,0,0,0,0,0,0,0,第6波结束,11
1310741,20,21,5,7,10,0,0,0,0,0,0,0,0,开始间隔,11
1310742,20,22,5,37,5,0,0,0,0,0,0,0,0,显示波数后5秒激活出生点7,11
1310743,20,23,0,1010,90,0,0,0,0,0,0,0,0,第7波结束,11
1310744,20,24,5,8,10,0,0,0,0,0,0,0,0,开始间隔,11
1310745,20,25,5,38,5,0,0,0,0,0,0,0,0,显示波数后5秒激活出生点8,11
1310746,20,26,0,1010,122,0,0,0,0,0,0,0,0,第8波结束,11
1310747,20,27,5,9,10,0,0,0,0,0,0,0,0,开始间隔,11
1310748,20,28,5,39,5,0,0,0,0,0,0,0,0,显示波数后5秒激活出生点9,11
1310749,20,29,0,1010,154,0,0,0,0,0,0,0,0,第9波结束,11
1310750,20,30,5,10,10,0,0,0,0,0,0,0,0,开始间隔,11
1310751,20,31,5,40,5,0,0,0,0,0,0,0,0,显示波数后5秒激活出生点10,11
1310752,20,32,0,1010,186,0,0,0,0,0,0,0,0,第10波结束,11
1310753,20,33,5,11,10,0,0,0,0,0,0,0,0,开始间隔,11
1310754,20,34,5,41,5,0,0,0,0,0,0,0,0,显示波数后5秒激活出生点11,11
1310755,20,35,0,1010,234,0,0,0,0,0,0,0,0,第11波结束,11
1310756,20,36,5,12,10,0,0,0,0,0,0,0,0,开始间隔,11
1310757,20,37,5,42,5,0,0,0,0,0,0,0,0,显示波数后5秒激活出生点12,11
1310758,20,38,0,1010,282,0,0,0,0,0,0,0,0,第12波结束,11
1310759,20,39,5,13,10,0,0,0,0,0,0,0,0,开始间隔,11
1310760,20,40,5,43,5,0,0,0,0,0,0,0,0,显示波数后5秒激活出生点13,11
1310761,20,41,0,1010,346,0,0,0,0,0,0,0,0,第13波结束,11
1310762,20,42,5,14,10,0,0,0,0,0,0,0,0,开始间隔,11
1310763,20,43,5,44,5,0,0,0,0,0,0,0,0,显示波数后5秒激活出生点14,11
1310764,20,44,0,1010,410,0,0,0,0,0,0,0,0,第14波结束,11
1310765,20,45,5,15,10,0,0,0,0,0,0,0,0,开始间隔,11
1310766,20,46,5,45,5,0,0,0,0,0,0,0,0,显示波数后5秒激活出生点15,11
1310767,20,47,0,1010,506,0,0,0,0,0,0,0,0,第15波结束,11
1310768,20,48,5,16,10,0,0,0,0,0,0,0,0,开始间隔,11
1310769,20,49,5,46,5,0,0,0,0,0,0,0,0,显示波数后5秒激活出生点16,11
1310770,20,50,0,1015,8,0,0,0,0,0,0,0,0,第16波结束,11
1310771,20,51,5,17,10,0,0,0,0,0,0,0,0,开始间隔,11
1310772,20,52,5,47,5,0,0,0,0,0,0,0,0,显示波数后5秒激活出生点17,11
1310773,20,53,0,1015,16,0,0,0,0,0,0,0,0,第17波结束,11
1310774,20,54,5,18,10,0,0,0,0,0,0,0,0,开始间隔,11
1310775,20,55,5,48,5,0,0,0,0,0,0,0,0,显示波数后5秒激活出生点18,11
1310776,20,56,0,1015,28,0,0,0,0,0,0,0,0,第18波结束,11
1310777,20,57,5,19,10,0,0,0,0,0,0,0,0,开始间隔,11
1310778,20,58,5,49,5,0,0,0,0,0,0,0,0,显示波数后5秒激活出生点19,11
1310779,20,59,0,1015,44,0,0,0,0,0,0,0,0,第19波结束,11
1310780,20,60,5,20,10,0,0,0,0,0,0,0,0,开始间隔,11
1310781,20,61,5,50,5,0,0,0,0,0,0,0,0,显示波数后5秒激活出生点20,11
1310782,20,62,0,1015,76,0,0,0,0,0,0,0,0,第20波结束,11
1310783,20,63,5,21,10,0,0,0,0,0,0,0,0,开始间隔,11
1310784,20,64,5,51,5,0,0,0,0,0,0,0,0,显示波数后5秒激活出生点21,11
1310785,20,65,0,1015,116,0,0,0,0,0,0,0,0,第21波结束,11
1310786,20,66,5,22,10,0,0,0,0,0,0,0,0,开始间隔,11
1310787,20,67,5,52,5,0,0,0,0,0,0,0,0,显示波数后5秒激活出生点22,11
1310788,20,68,0,1015,180,0,0,0,0,0,0,0,0,第22波结束,11
1310789,20,69,5,23,10,0,0,0,0,0,0,0,0,开始间隔,11
1310790,20,70,5,53,5,0,0,0,0,0,0,0,0,显示波数后5秒激活出生点23,11
1310791,20,71,0,1015,244,0,0,0,0,0,0,0,0,第23波结束,11
1310792,20,72,5,24,10,0,0,0,0,0,0,0,0,开始间隔,11
1310793,20,73,5,54,5,0,0,0,0,0,0,0,0,显示波数后5秒激活出生点24,11
1310794,20,74,0,1015,308,0,0,0,0,0,0,0,0,第24波结束,11
1310795,20,75,5,25,10,0,0,0,0,0,0,0,0,开始间隔,11
1310796,20,76,5,55,5,0,0,0,0,0,0,0,0,显示波数后5秒激活出生点25,11
1310797,20,77,0,1015,372,0,0,0,0,0,0,0,0,第25波结束,11
1310798,20,78,5,26,10,0,0,0,0,0,0,0,0,开始间隔,11
1310799,20,79,5,56,5,0,0,0,0,0,0,0,0,显示波数后5秒激活出生点26,11
1310800,20,80,0,1015,468,0,0,0,0,0,0,0,0,第26波结束,11
1310801,20,81,5,27,10,0,0,0,0,0,0,0,0,开始间隔,11
1310802,20,82,5,57,5,0,0,0,0,0,0,0,0,显示波数后5秒激活出生点27,11
1310803,20,83,0,1015,564,0,0,0,0,0,0,0,0,第27波结束,11
1310804,20,84,5,28,10,0,0,0,0,0,0,0,0,开始间隔,11
1310805,20,85,5,58,5,0,0,0,0,0,0,0,0,显示波数后5秒激活出生点28,11
1310806,20,86,0,1015,692,0,0,0,0,0,0,0,0,第28波结束,11
1310807,20,87,5,29,10,0,0,0,0,0,0,0,0,开始间隔,11
1310808,20,88,5,59,5,0,0,0,0,0,0,0,0,显示波数后5秒激活出生点29,11
1310809,20,89,0,1015,820,0,0,0,0,0,0,0,0,第29波结束,11
1310810,20,90,5,30,10,0,0,0,0,0,0,0,0,开始间隔,11
1310811,20,91,5,60,5,0,0,0,0,0,0,0,0,显示波数后5秒激活出生点30,11
1310812,20,92,0,1015,1012,0,0,0,0,0,0,0,0,第30波结束,11
1310813,20,93,5,102,60,0,0,0,0,0,0,0,0,倒计时60秒结束关卡,11
1376257,21,1,5,100,30,0,0,0,0,0,0,0,0,倒计时30秒开始游戏,11
1376258,21,2,5,101,5,0,0,0,0,0,0,0,0,开局倒计时结束后目标文字显示间隔5秒,11
1376259,21,3,5,1,10,0,0,0,0,0,0,0,0,开始间隔,11
1376260,21,4,5,31,5,0,0,0,0,0,0,0,0,显示波数后5秒激活出生点1,11
1376261,21,5,0,1010,4,0,0,0,0,0,0,0,0,第1波结束,11
1376262,21,6,5,2,10,0,0,0,0,0,0,0,0,开始间隔,11
1376263,21,7,5,32,5,0,0,0,0,0,0,0,0,显示波数后5秒激活出生点2,11
1376264,21,8,0,1010,8,0,0,0,0,0,0,0,0,第2波结束,11
1376265,21,9,5,3,10,0,0,0,0,0,0,0,0,开始间隔,11
1376266,21,10,5,33,5,0,0,0,0,0,0,0,0,显示波数后5秒激活出生点3,11
1376267,21,11,0,1010,14,0,0,0,0,0,0,0,0,第3波结束,11
1376268,21,12,5,4,10,0,0,0,0,0,0,0,0,开始间隔,11
1376269,21,13,5,34,5,0,0,0,0,0,0,0,0,显示波数后5秒激活出生点4,11
1376270,21,14,0,1010,22,0,0,0,0,0,0,0,0,第4波结束,11
1376271,21,15,5,5,10,0,0,0,0,0,0,0,0,开始间隔,11
1376272,21,16,5,35,5,0,0,0,0,0,0,0,0,显示波数后5秒激活出生点5,11
1376273,21,17,0,1010,38,0,0,0,0,0,0,0,0,第5波结束,11
1376274,21,18,5,6,10,0,0,0,0,0,0,0,0,开始间隔,11
1376275,21,19,5,36,5,0,0,0,0,0,0,0,0,显示波数后5秒激活出生点6,11
1376276,21,20,0,1010,58,0,0,0,0,0,0,0,0,第6波结束,11
1376277,21,21,5,7,10,0,0,0,0,0,0,0,0,开始间隔,11
1376278,21,22,5,37,5,0,0,0,0,0,0,0,0,显示波数后5秒激活出生点7,11
1376279,21,23,0,1010,90,0,0,0,0,0,0,0,0,第7波结束,11
1376280,21,24,5,8,10,0,0,0,0,0,0,0,0,开始间隔,11
1376281,21,25,5,38,5,0,0,0,0,0,0,0,0,显示波数后5秒激活出生点8,11
1376282,21,26,0,1010,122,0,0,0,0,0,0,0,0,第8波结束,11
1376283,21,27,5,9,10,0,0,0,0,0,0,0,0,开始间隔,11
1376284,21,28,5,39,5,0,0,0,0,0,0,0,0,显示波数后5秒激活出生点9,11
1376285,21,29,0,1010,154,0,0,0,0,0,0,0,0,第9波结束,11
1376286,21,30,5,10,10,0,0,0,0,0,0,0,0,开始间隔,11
1376287,21,31,5,40,5,0,0,0,0,0,0,0,0,显示波数后5秒激活出生点10,11
1376288,21,32,0,1010,186,0,0,0,0,0,0,0,0,第10波结束,11
1376289,21,33,5,11,10,0,0,0,0,0,0,0,0,开始间隔,11
1376290,21,34,5,41,5,0,0,0,0,0,0,0,0,显示波数后5秒激活出生点11,11
1376291,21,35,0,1010,234,0,0,0,0,0,0,0,0,第11波结束,11
1376292,21,36,5,12,10,0,0,0,0,0,0,0,0,开始间隔,11
1376293,21,37,5,42,5,0,0,0,0,0,0,0,0,显示波数后5秒激活出生点12,11
1376294,21,38,0,1010,282,0,0,0,0,0,0,0,0,第12波结束,11
1376295,21,39,5,13,10,0,0,0,0,0,0,0,0,开始间隔,11
1376296,21,40,5,43,5,0,0,0,0,0,0,0,0,显示波数后5秒激活出生点13,11
1376297,21,41,0,1010,346,0,0,0,0,0,0,0,0,第13波结束,11
1376298,21,42,5,14,10,0,0,0,0,0,0,0,0,开始间隔,11
1376299,21,43,5,44,5,0,0,0,0,0,0,0,0,显示波数后5秒激活出生点14,11
1376300,21,44,0,1010,410,0,0,0,0,0,0,0,0,第14波结束,11
1376301,21,45,5,15,10,0,0,0,0,0,0,0,0,开始间隔,11
1376302,21,46,5,45,5,0,0,0,0,0,0,0,0,显示波数后5秒激活出生点15,11
1376303,21,47,0,1010,506,0,0,0,0,0,0,0,0,第15波结束,11
1376304,21,48,5,16,10,0,0,0,0,0,0,0,0,开始间隔,11
1376305,21,49,5,46,5,0,0,0,0,0,0,0,0,显示波数后5秒激活出生点16,11
1376306,21,50,0,1015,8,0,0,0,0,0,0,0,0,第16波结束,11
1376307,21,51,5,17,10,0,0,0,0,0,0,0,0,开始间隔,11
1376308,21,52,5,47,5,0,0,0,0,0,0,0,0,显示波数后5秒激活出生点17,11
1376309,21,53,0,1015,16,0,0,0,0,0,0,0,0,第17波结束,11
1376310,21,54,5,18,10,0,0,0,0,0,0,0,0,开始间隔,11
1376311,21,55,5,48,5,0,0,0,0,0,0,0,0,显示波数后5秒激活出生点18,11
1376312,21,56,0,1015,28,0,0,0,0,0,0,0,0,第18波结束,11
1376313,21,57,5,19,10,0,0,0,0,0,0,0,0,开始间隔,11
1376314,21,58,5,49,5,0,0,0,0,0,0,0,0,显示波数后5秒激活出生点19,11
1376315,21,59,0,1015,44,0,0,0,0,0,0,0,0,第19波结束,11
1376316,21,60,5,20,10,0,0,0,0,0,0,0,0,开始间隔,11
1376317,21,61,5,50,5,0,0,0,0,0,0,0,0,显示波数后5秒激活出生点20,11
1376318,21,62,0,1015,76,0,0,0,0,0,0,0,0,第20波结束,11
1376319,21,63,5,21,10,0,0,0,0,0,0,0,0,开始间隔,11
1376320,21,64,5,51,5,0,0,0,0,0,0,0,0,显示波数后5秒激活出生点21,11
1376321,21,65,0,1015,116,0,0,0,0,0,0,0,0,第21波结束,11
1376322,21,66,5,22,10,0,0,0,0,0,0,0,0,开始间隔,11
1376323,21,67,5,52,5,0,0,0,0,0,0,0,0,显示波数后5秒激活出生点22,11
1376324,21,68,0,1015,180,0,0,0,0,0,0,0,0,第22波结束,11
1376325,21,69,5,23,10,0,0,0,0,0,0,0,0,开始间隔,11
1376326,21,70,5,53,5,0,0,0,0,0,0,0,0,显示波数后5秒激活出生点23,11
1376327,21,71,0,1015,244,0,0,0,0,0,0,0,0,第23波结束,11
1376328,21,72,5,24,10,0,0,0,0,0,0,0,0,开始间隔,11
1376329,21,73,5,54,5,0,0,0,0,0,0,0,0,显示波数后5秒激活出生点24,11
1376330,21,74,0,1015,308,0,0,0,0,0,0,0,0,第24波结束,11
1376331,21,75,5,25,10,0,0,0,0,0,0,0,0,开始间隔,11
1376332,21,76,5,55,5,0,0,0,0,0,0,0,0,显示波数后5秒激活出生点25,11
1376333,21,77,0,1015,372,0,0,0,0,0,0,0,0,第25波结束,11
1376334,21,78,5,26,10,0,0,0,0,0,0,0,0,开始间隔,11
1376335,21,79,5,56,5,0,0,0,0,0,0,0,0,显示波数后5秒激活出生点26,11
1376336,21,80,0,1015,468,0,0,0,0,0,0,0,0,第26波结束,11
1376337,21,81,5,27,10,0,0,0,0,0,0,0,0,开始间隔,11
1376338,21,82,5,57,5,0,0,0,0,0,0,0,0,显示波数后5秒激活出生点27,11
1376339,21,83,0,1015,564,0,0,0,0,0,0,0,0,第27波结束,11
1376340,21,84,5,28,10,0,0,0,0,0,0,0,0,开始间隔,11
1376341,21,85,5,58,5,0,0,0,0,0,0,0,0,显示波数后5秒激活出生点28,11
1376342,21,86,0,1015,692,0,0,0,0,0,0,0,0,第28波结束,11
1376343,21,87,5,29,10,0,0,0,0,0,0,0,0,开始间隔,11
1376344,21,88,5,59,5,0,0,0,0,0,0,0,0,显示波数后5秒激活出生点29,11
1376345,21,89,0,1015,820,0,0,0,0,0,0,0,0,第29波结束,11
1376346,21,90,5,30,10,0,0,0,0,0,0,0,0,开始间隔,11
1376347,21,91,5,60,5,0,0,0,0,0,0,0,0,显示波数后5秒激活出生点30,11
1376348,21,92,0,1015,1012,0,0,0,0,0,0,0,0,第30波结束,11
1376349,21,93,5,102,60,0,0,0,0,0,0,0,0,倒计时60秒结束关卡,11
1441793,22,1,5,100,60,0,0,0,0,0,0,0,0,倒计时60秒开始游戏,11
1441794,22,2,5,101,3,0,0,0,0,0,0,0,0,开局倒计时结束后目标文字显示间隔5秒,11
1441795,22,3,5,1,10,0,0,0,0,0,0,0,0,开始间隔,11
1441796,22,4,5,21,3,0,0,0,0,0,0,0,0,显示波数后5秒激活出生点1,11
1441797,22,5,10,1,0,0,0,0,0,0,0,0,0,第1波结束,11
1441798,22,6,5,2,10,0,0,0,0,0,0,0,0,开始间隔,11
1441799,22,7,5,22,3,0,0,0,0,0,0,0,0,显示波数后5秒激活出生点2,11
1441800,22,8,10,2,0,0,0,0,0,0,0,0,0,第2波结束,11
1441801,22,9,5,3,10,0,0,0,0,0,0,0,0,开始间隔,11
1441802,22,10,5,23,3,0,0,0,0,0,0,0,0,显示波数后5秒激活出生点3,11
1441803,22,11,10,3,0,0,0,0,0,0,0,0,0,第3波结束,11
1441804,22,12,5,4,10,0,0,0,0,0,0,0,0,开始间隔,11
1441805,22,13,5,24,3,0,0,0,0,0,0,0,0,显示波数后5秒激活出生点4,11
1441806,22,14,10,4,0,0,0,0,0,0,0,0,0,第4波结束,11
1441807,22,15,5,5,10,0,0,0,0,0,0,0,0,开始间隔,11
1441808,22,16,5,25,3,0,0,0,0,0,0,0,0,显示波数后5秒激活出生点5,11
1441809,22,17,10,5,0,0,0,0,0,0,0,0,0,第5波结束,11
1441810,22,18,5,6,10,0,0,0,0,0,0,0,0,开始间隔,11
1441811,22,19,5,26,3,0,0,0,0,0,0,0,0,显示波数后5秒激活出生点6,11
1441812,22,20,10,6,0,0,0,0,0,0,0,0,0,第6波结束,11
1441813,22,21,5,7,10,0,0,0,0,0,0,0,0,开始间隔,11
1441814,22,22,5,27,3,0,0,0,0,0,0,0,0,显示波数后5秒激活出生点7,11
1441815,22,23,10,7,0,0,0,0,0,0,0,0,0,第7波结束,11
1441816,22,24,5,8,10,0,0,0,0,0,0,0,0,开始间隔,11
1441817,22,25,5,28,3,0,0,0,0,0,0,0,0,显示波数后5秒激活出生点8,11
1441818,22,26,10,8,0,0,0,0,0,0,0,0,0,第8波结束,11
1441819,22,27,5,9,10,0,0,0,0,0,0,0,0,开始间隔,11
1441820,22,28,5,29,3,0,0,0,0,0,0,0,0,显示波数后5秒激活出生点9,11
1441821,22,29,10,9,0,0,0,0,0,0,0,0,0,第9波结束,11
1441822,22,30,5,10,10,0,0,0,0,0,0,0,0,开始间隔,11
1441823,22,31,5,30,3,0,0,0,0,0,0,0,0,显示波数后5秒激活出生点10,11
1441824,22,32,10,10,0,0,0,0,0,0,0,0,0,第10波结束,11
1441825,22,33,5,102,10,0,0,0,0,0,0,0,0,倒计时10秒结束关卡,11
1507329,23,1,5,100,60,0,0,0,0,0,0,0,0,倒计时60秒开始游戏,11
1507330,23,2,5,101,3,0,0,0,0,0,0,0,0,开局倒计时结束后目标文字显示间隔5秒,11
1507331,23,3,5,1,10,0,0,0,0,0,0,0,0,开始间隔,11
1507332,23,4,5,21,3,0,0,0,0,0,0,0,0,显示波数后5秒激活出生点1,11
1507333,23,5,10,1,0,0,0,0,0,0,0,0,0,第1波结束,11
1507334,23,6,5,2,10,0,0,0,0,0,0,0,0,开始间隔,11
1507335,23,7,5,22,3,0,0,0,0,0,0,0,0,显示波数后5秒激活出生点2,11
1507336,23,8,10,2,0,0,0,0,0,0,0,0,0,第2波结束,11
1507337,23,9,5,3,10,0,0,0,0,0,0,0,0,开始间隔,11
1507338,23,10,5,23,3,0,0,0,0,0,0,0,0,显示波数后5秒激活出生点3,11
1507339,23,11,10,3,0,0,0,0,0,0,0,0,0,第3波结束,11
1507340,23,12,5,4,10,0,0,0,0,0,0,0,0,开始间隔,11
1507341,23,13,5,24,3,0,0,0,0,0,0,0,0,显示波数后5秒激活出生点4,11
1507342,23,14,10,4,0,0,0,0,0,0,0,0,0,第4波结束,11
1507343,23,15,5,5,10,0,0,0,0,0,0,0,0,开始间隔,11
1507344,23,16,5,25,3,0,0,0,0,0,0,0,0,显示波数后5秒激活出生点5,11
1507345,23,17,10,5,0,0,0,0,0,0,0,0,0,第5波结束,11
1507346,23,18,5,6,10,0,0,0,0,0,0,0,0,开始间隔,11
1507347,23,19,5,26,3,0,0,0,0,0,0,0,0,显示波数后5秒激活出生点6,11
1507348,23,20,10,6,0,0,0,0,0,0,0,0,0,第6波结束,11
1507349,23,21,5,7,10,0,0,0,0,0,0,0,0,开始间隔,11
1507350,23,22,5,27,3,0,0,0,0,0,0,0,0,显示波数后5秒激活出生点7,11
1507351,23,23,10,7,0,0,0,0,0,0,0,0,0,第7波结束,11
1507352,23,24,5,8,10,0,0,0,0,0,0,0,0,开始间隔,11
1507353,23,25,5,28,3,0,0,0,0,0,0,0,0,显示波数后5秒激活出生点8,11
1507354,23,26,10,8,0,0,0,0,0,0,0,0,0,第8波结束,11
1507355,23,27,5,9,10,0,0,0,0,0,0,0,0,开始间隔,11
1507356,23,28,5,29,3,0,0,0,0,0,0,0,0,显示波数后5秒激活出生点9,11
1507357,23,29,10,9,0,0,0,0,0,0,0,0,0,第9波结束,11
1507358,23,30,5,10,10,0,0,0,0,0,0,0,0,开始间隔,11
1507359,23,31,5,30,3,0,0,0,0,0,0,0,0,显示波数后5秒激活出生点10,11
1507360,23,32,10,10,0,0,0,0,0,0,0,0,0,第10波结束,11
1507361,23,33,5,11,10,0,0,0,0,0,0,0,0,开始间隔,11
1507362,23,34,5,31,3,0,0,0,0,0,0,0,0,显示波数后5秒激活出生点11,11
1507363,23,35,10,11,0,0,0,0,0,0,0,0,0,第11波结束,11
1507364,23,36,5,12,10,0,0,0,0,0,0,0,0,开始间隔,11
1507365,23,37,5,32,3,0,0,0,0,0,0,0,0,显示波数后5秒激活出生点12,11
1507366,23,38,10,12,0,0,0,0,0,0,0,0,0,第12波结束,11
1507367,23,39,5,13,10,0,0,0,0,0,0,0,0,开始间隔,11
1507368,23,40,5,33,3,0,0,0,0,0,0,0,0,显示波数后5秒激活出生点13,11
1507369,23,41,10,13,0,0,0,0,0,0,0,0,0,第13波结束,11
1507370,23,42,5,14,10,0,0,0,0,0,0,0,0,开始间隔,11
1507371,23,43,5,34,3,0,0,0,0,0,0,0,0,显示波数后5秒激活出生点14,11
1507372,23,44,10,14,0,0,0,0,0,0,0,0,0,第14波结束,11
1507373,23,45,5,15,10,0,0,0,0,0,0,0,0,开始间隔,11
1507374,23,46,5,35,3,0,0,0,0,0,0,0,0,显示波数后5秒激活出生点15,11
1507375,23,47,10,15,0,0,0,0,0,0,0,0,0,第15波结束,11
1507376,23,48,5,102,10,0,0,0,0,0,0,0,0,倒计时10秒结束关卡,11
1572865,24,1,5,100,60,0,0,0,0,0,0,0,0,倒计时60秒开始游戏,11
1572866,24,2,5,101,3,0,0,0,0,0,0,0,0,开局倒计时结束后目标文字显示间隔5秒,11
1572867,24,3,5,1,10,0,0,0,0,0,0,0,0,开始间隔,11
1572868,24,4,5,21,3,0,0,0,0,0,0,0,0,显示波数后5秒激活出生点1,11
1572869,24,5,10,1,0,0,0,0,0,0,0,0,0,第1波结束,11
1572870,24,6,5,2,10,0,0,0,0,0,0,0,0,开始间隔,11
1572871,24,7,5,22,3,0,0,0,0,0,0,0,0,显示波数后5秒激活出生点2,11
1572872,24,8,10,2,0,0,0,0,0,0,0,0,0,第2波结束,11
1572873,24,9,5,3,10,0,0,0,0,0,0,0,0,开始间隔,11
1572874,24,10,5,23,3,0,0,0,0,0,0,0,0,显示波数后5秒激活出生点3,11
1572875,24,11,10,3,0,0,0,0,0,0,0,0,0,第3波结束,11
1572876,24,12,5,4,10,0,0,0,0,0,0,0,0,开始间隔,11
1572877,24,13,5,24,3,0,0,0,0,0,0,0,0,显示波数后5秒激活出生点4,11
1572878,24,14,10,4,0,0,0,0,0,0,0,0,0,第4波结束,11
1572879,24,15,5,5,10,0,0,0,0,0,0,0,0,开始间隔,11
1572880,24,16,5,25,3,0,0,0,0,0,0,0,0,显示波数后5秒激活出生点5,11
1572881,24,17,10,5,0,0,0,0,0,0,0,0,0,第5波结束,11
1572882,24,18,5,6,10,0,0,0,0,0,0,0,0,开始间隔,11
1572883,24,19,5,26,3,0,0,0,0,0,0,0,0,显示波数后5秒激活出生点6,11
1572884,24,20,10,6,0,0,0,0,0,0,0,0,0,第6波结束,11
1572885,24,21,5,7,10,0,0,0,0,0,0,0,0,开始间隔,11
1572886,24,22,5,27,3,0,0,0,0,0,0,0,0,显示波数后5秒激活出生点7,11
1572887,24,23,10,7,0,0,0,0,0,0,0,0,0,第7波结束,11
1572888,24,24,5,8,10,0,0,0,0,0,0,0,0,开始间隔,11
1572889,24,25,5,28,3,0,0,0,0,0,0,0,0,显示波数后5秒激活出生点8,11
1572890,24,26,10,8,0,0,0,0,0,0,0,0,0,第8波结束,11
1572891,24,27,5,9,10,0,0,0,0,0,0,0,0,开始间隔,11
1572892,24,28,5,29,3,0,0,0,0,0,0,0,0,显示波数后5秒激活出生点9,11
1572893,24,29,10,9,0,0,0,0,0,0,0,0,0,第9波结束,11
1572894,24,30,5,10,10,0,0,0,0,0,0,0,0,开始间隔,11
1572895,24,31,5,30,3,0,0,0,0,0,0,0,0,显示波数后5秒激活出生点10,11
1572896,24,32,10,10,0,0,0,0,0,0,0,0,0,第10波结束,11
1572897,24,33,5,11,10,0,0,0,0,0,0,0,0,开始间隔,11
1572898,24,34,5,31,3,0,0,0,0,0,0,0,0,显示波数后5秒激活出生点11,11
1572899,24,35,10,11,0,0,0,0,0,0,0,0,0,第11波结束,11
1572900,24,36,5,12,10,0,0,0,0,0,0,0,0,开始间隔,11
1572901,24,37,5,32,3,0,0,0,0,0,0,0,0,显示波数后5秒激活出生点12,11
1572902,24,38,10,12,0,0,0,0,0,0,0,0,0,第12波结束,11
1572903,24,39,5,13,10,0,0,0,0,0,0,0,0,开始间隔,11
1572904,24,40,5,33,3,0,0,0,0,0,0,0,0,显示波数后5秒激活出生点13,11
1572905,24,41,10,13,0,0,0,0,0,0,0,0,0,第13波结束,11
1572906,24,42,5,14,10,0,0,0,0,0,0,0,0,开始间隔,11
1572907,24,43,5,34,3,0,0,0,0,0,0,0,0,显示波数后5秒激活出生点14,11
1572908,24,44,10,14,0,0,0,0,0,0,0,0,0,第14波结束,11
1572909,24,45,5,15,10,0,0,0,0,0,0,0,0,开始间隔,11
1572910,24,46,5,35,3,0,0,0,0,0,0,0,0,显示波数后5秒激活出生点15,11
1572911,24,47,10,15,0,0,0,0,0,0,0,0,0,第15波结束,11
1572912,24,48,5,16,10,0,0,0,0,0,0,0,0,开始间隔,11
1572913,24,49,5,36,3,0,0,0,0,0,0,0,0,显示波数后5秒激活出生点16,11
1572914,24,50,10,16,0,0,0,0,0,0,0,0,0,第16波结束,11
1572915,24,51,5,17,10,0,0,0,0,0,0,0,0,开始间隔,11
1572916,24,52,5,37,3,0,0,0,0,0,0,0,0,显示波数后5秒激活出生点17,11
1572917,24,53,10,17,0,0,0,0,0,0,0,0,0,第17波结束,11
1572918,24,54,5,18,10,0,0,0,0,0,0,0,0,开始间隔,11
1572919,24,55,5,38,3,0,0,0,0,0,0,0,0,显示波数后5秒激活出生点18,11
1572920,24,56,10,18,0,0,0,0,0,0,0,0,0,第18波结束,11
1572921,24,57,5,19,10,0,0,0,0,0,0,0,0,开始间隔,11
1572922,24,58,5,39,3,0,0,0,0,0,0,0,0,显示波数后5秒激活出生点19,11
1572923,24,59,10,19,0,0,0,0,0,0,0,0,0,第19波结束,11
1572924,24,60,5,20,10,0,0,0,0,0,0,0,0,开始间隔,11
1572925,24,61,5,40,3,0,0,0,0,0,0,0,0,显示波数后5秒激活出生点20,11
1572926,24,62,10,20,0,0,0,0,0,0,0,0,0,第20波结束,11
1572927,24,63,5,102,10,0,0,0,0,0,0,0,0,倒计时10秒结束关卡,11
1638401,25,1,5,100,60,0,0,0,0,0,0,0,0,倒计时60秒开始游戏,11
1638402,25,2,5,101,3,0,0,0,0,0,0,0,0,开局倒计时结束后目标文字显示间隔5秒,11
1638403,25,3,5,1,10,0,0,0,0,0,0,0,0,开始间隔,11
1638404,25,4,5,21,3,0,0,0,0,0,0,0,0,显示波数后5秒激活出生点1,11
1638405,25,5,10,1,0,0,0,0,0,0,0,0,0,第1波结束,11
1638406,25,6,5,2,10,0,0,0,0,0,0,0,0,开始间隔,11
1638407,25,7,5,22,3,0,0,0,0,0,0,0,0,显示波数后5秒激活出生点2,11
1638408,25,8,10,2,0,0,0,0,0,0,0,0,0,第2波结束,11
1638409,25,9,5,3,10,0,0,0,0,0,0,0,0,开始间隔,11
1638410,25,10,5,23,3,0,0,0,0,0,0,0,0,显示波数后5秒激活出生点3,11
1638411,25,11,10,3,0,0,0,0,0,0,0,0,0,第3波结束,11
1638412,25,12,5,4,10,0,0,0,0,0,0,0,0,开始间隔,11
1638413,25,13,5,24,3,0,0,0,0,0,0,0,0,显示波数后5秒激活出生点4,11
1638414,25,14,10,4,0,0,0,0,0,0,0,0,0,第4波结束,11
1638415,25,15,5,5,10,0,0,0,0,0,0,0,0,开始间隔,11
1638416,25,16,5,25,3,0,0,0,0,0,0,0,0,显示波数后5秒激活出生点5,11
1638417,25,17,10,5,0,0,0,0,0,0,0,0,0,第5波结束,11
1638418,25,18,5,6,10,0,0,0,0,0,0,0,0,开始间隔,11
1638419,25,19,5,26,3,0,0,0,0,0,0,0,0,显示波数后5秒激活出生点6,11
1638420,25,20,10,6,0,0,0,0,0,0,0,0,0,第6波结束,11
1638421,25,21,5,7,10,0,0,0,0,0,0,0,0,开始间隔,11
1638422,25,22,5,27,3,0,0,0,0,0,0,0,0,显示波数后5秒激活出生点7,11
1638423,25,23,10,7,0,0,0,0,0,0,0,0,0,第7波结束,11
1638424,25,24,5,8,10,0,0,0,0,0,0,0,0,开始间隔,11
1638425,25,25,5,28,3,0,0,0,0,0,0,0,0,显示波数后5秒激活出生点8,11
1638426,25,26,10,8,0,0,0,0,0,0,0,0,0,第8波结束,11
1638427,25,27,5,9,10,0,0,0,0,0,0,0,0,开始间隔,11
1638428,25,28,5,29,3,0,0,0,0,0,0,0,0,显示波数后5秒激活出生点9,11
1638429,25,29,10,9,0,0,0,0,0,0,0,0,0,第9波结束,11
1638430,25,30,5,10,10,0,0,0,0,0,0,0,0,开始间隔,11
1638431,25,31,5,30,3,0,0,0,0,0,0,0,0,显示波数后5秒激活出生点10,11
1638432,25,32,10,10,0,0,0,0,0,0,0,0,0,第10波结束,11
1638433,25,33,5,11,10,0,0,0,0,0,0,0,0,开始间隔,11
1638434,25,34,5,31,3,0,0,0,0,0,0,0,0,显示波数后5秒激活出生点11,11
1638435,25,35,10,11,0,0,0,0,0,0,0,0,0,第11波结束,11
1638436,25,36,5,12,10,0,0,0,0,0,0,0,0,开始间隔,11
1638437,25,37,5,32,3,0,0,0,0,0,0,0,0,显示波数后5秒激活出生点12,11
1638438,25,38,10,12,0,0,0,0,0,0,0,0,0,第12波结束,11
1638439,25,39,5,13,10,0,0,0,0,0,0,0,0,开始间隔,11
1638440,25,40,5,33,3,0,0,0,0,0,0,0,0,显示波数后5秒激活出生点13,11
1638441,25,41,10,13,0,0,0,0,0,0,0,0,0,第13波结束,11
1638442,25,42,5,14,10,0,0,0,0,0,0,0,0,开始间隔,11
1638443,25,43,5,34,3,0,0,0,0,0,0,0,0,显示波数后5秒激活出生点14,11
1638444,25,44,10,14,0,0,0,0,0,0,0,0,0,第14波结束,11
1638445,25,45,5,15,10,0,0,0,0,0,0,0,0,开始间隔,11
1638446,25,46,5,35,3,0,0,0,0,0,0,0,0,显示波数后5秒激活出生点15,11
1638447,25,47,10,15,0,0,0,0,0,0,0,0,0,第15波结束,11
1638448,25,48,5,16,10,0,0,0,0,0,0,0,0,开始间隔,11
1638449,25,49,5,36,3,0,0,0,0,0,0,0,0,显示波数后5秒激活出生点16,11
1638450,25,50,10,16,0,0,0,0,0,0,0,0,0,第16波结束,11
1638451,25,51,5,17,10,0,0,0,0,0,0,0,0,开始间隔,11
1638452,25,52,5,37,3,0,0,0,0,0,0,0,0,显示波数后5秒激活出生点17,11
1638453,25,53,10,17,0,0,0,0,0,0,0,0,0,第17波结束,11
1638454,25,54,5,18,10,0,0,0,0,0,0,0,0,开始间隔,11
1638455,25,55,5,38,3,0,0,0,0,0,0,0,0,显示波数后5秒激活出生点18,11
1638456,25,56,10,18,0,0,0,0,0,0,0,0,0,第18波结束,11
1638457,25,57,5,19,10,0,0,0,0,0,0,0,0,开始间隔,11
1638458,25,58,5,39,3,0,0,0,0,0,0,0,0,显示波数后5秒激活出生点19,11
1638459,25,59,10,19,0,0,0,0,0,0,0,0,0,第19波结束,11
1638460,25,60,5,20,10,0,0,0,0,0,0,0,0,开始间隔,11
1638461,25,61,5,40,3,0,0,0,0,0,0,0,0,显示波数后5秒激活出生点20,11
1638462,25,62,10,20,0,0,0,0,0,0,0,0,0,第20波结束,11
1638463,25,63,5,102,10,0,0,0,0,0,0,0,0,倒计时10秒结束关卡,11
1703937,26,1,5,100,60,0,0,0,0,0,0,0,0,倒计时60秒开始游戏,11
1703938,26,2,5,101,3,0,0,0,0,0,0,0,0,开局倒计时结束后目标文字显示间隔5秒,11
1703939,26,3,5,1,10,0,0,0,0,0,0,0,0,开始间隔,11
1703940,26,4,5,21,3,0,0,0,0,0,0,0,0,显示波数后5秒激活出生点1,11
1703941,26,5,10,1,0,0,0,0,0,0,0,0,0,第1波结束,11
1703942,26,6,5,2,10,0,0,0,0,0,0,0,0,开始间隔,11
1703943,26,7,5,22,3,0,0,0,0,0,0,0,0,显示波数后5秒激活出生点2,11
1703944,26,8,10,2,0,0,0,0,0,0,0,0,0,第2波结束,11
1703945,26,9,5,3,10,0,0,0,0,0,0,0,0,开始间隔,11
1703946,26,10,5,23,3,0,0,0,0,0,0,0,0,显示波数后5秒激活出生点3,11
1703947,26,11,10,3,0,0,0,0,0,0,0,0,0,第3波结束,11
1703948,26,12,5,4,10,0,0,0,0,0,0,0,0,开始间隔,11
1703949,26,13,5,24,3,0,0,0,0,0,0,0,0,显示波数后5秒激活出生点4,11
1703950,26,14,10,4,0,0,0,0,0,0,0,0,0,第4波结束,11
1703951,26,15,5,5,10,0,0,0,0,0,0,0,0,开始间隔,11
1703952,26,16,5,25,3,0,0,0,0,0,0,0,0,显示波数后5秒激活出生点5,11
1703953,26,17,10,5,0,0,0,0,0,0,0,0,0,第5波结束,11
1703954,26,18,5,102,60,0,0,0,0,0,0,0,0,倒计时60秒结束关卡,11
1769473,27,1,5,100,60,0,0,0,0,0,0,0,0,倒计时60秒开始游戏,11
1769474,27,2,5,101,3,0,0,0,0,0,0,0,0,开局倒计时结束后目标文字显示间隔5秒,11
1769475,27,3,5,1,10,0,0,0,0,0,0,0,0,开始间隔,11
1769476,27,4,5,21,3,0,0,0,0,0,0,0,0,显示波数后5秒激活出生点1,11
1769477,27,5,10,1,0,0,0,0,0,0,0,0,0,第1波结束,11
1769478,27,6,5,2,10,0,0,0,0,0,0,0,0,开始间隔,11
1769479,27,7,5,22,3,0,0,0,0,0,0,0,0,显示波数后5秒激活出生点2,11
1769480,27,8,10,2,0,0,0,0,0,0,0,0,0,第2波结束,11
1769481,27,9,5,3,10,0,0,0,0,0,0,0,0,开始间隔,11
1769482,27,10,5,23,3,0,0,0,0,0,0,0,0,显示波数后5秒激活出生点3,11
1769483,27,11,10,3,0,0,0,0,0,0,0,0,0,第3波结束,11
1769484,27,12,5,4,10,0,0,0,0,0,0,0,0,开始间隔,11
1769485,27,13,5,24,3,0,0,0,0,0,0,0,0,显示波数后5秒激活出生点4,11
1769486,27,14,10,4,0,0,0,0,0,0,0,0,0,第4波结束,11
1769487,27,15,5,5,10,0,0,0,0,0,0,0,0,开始间隔,11
1769488,27,16,5,25,3,0,0,0,0,0,0,0,0,显示波数后5秒激活出生点5,11
1769489,27,17,10,5,0,0,0,0,0,0,0,0,0,第5波结束,11
1769490,27,18,5,102,10,0,0,0,0,0,0,0,0,倒计时10秒结束关卡,11
1835009,28,1,5,100,60,0,0,0,0,0,0,0,0,倒计时60秒开始游戏,11
1835010,28,2,5,101,3,0,0,0,0,0,0,0,0,开局倒计时结束后目标文字显示间隔5秒,11
1835011,28,3,5,1,10,0,0,0,0,0,0,0,0,开始间隔,11
1835012,28,4,5,21,3,0,0,0,0,0,0,0,0,显示波数后5秒激活出生点1,11
1835013,28,5,10,1,0,0,0,0,0,0,0,0,0,第1波结束,11
1835014,28,6,5,2,10,0,0,0,0,0,0,0,0,开始间隔,11
1835015,28,7,5,22,3,0,0,0,0,0,0,0,0,显示波数后5秒激活出生点2,11
1835016,28,8,10,2,0,0,0,0,0,0,0,0,0,第2波结束,11
1835017,28,9,5,3,10,0,0,0,0,0,0,0,0,开始间隔,11
1835018,28,10,5,23,3,0,0,0,0,0,0,0,0,显示波数后5秒激活出生点3,11
1835019,28,11,10,3,0,0,0,0,0,0,0,0,0,第3波结束,11
1835020,28,12,5,4,10,0,0,0,0,0,0,0,0,开始间隔,11
1835021,28,13,5,24,3,0,0,0,0,0,0,0,0,显示波数后5秒激活出生点4,11
1835022,28,14,10,4,0,0,0,0,0,0,0,0,0,第4波结束,11
1835023,28,15,5,5,10,0,0,0,0,0,0,0,0,开始间隔,11
1835024,28,16,5,25,3,0,0,0,0,0,0,0,0,显示波数后5秒激活出生点5,11
1835025,28,17,10,5,0,0,0,0,0,0,0,0,0,第5波结束,11
1835026,28,18,5,102,10,0,0,0,0,0,0,0,0,倒计时10秒结束关卡,11
1900545,29,1,5,100,60,0,0,0,0,0,0,0,0,倒计时60秒开始游戏,11
1900546,29,2,5,101,3,0,0,0,0,0,0,0,0,开局倒计时结束后目标文字显示间隔5秒,11
1900547,29,3,5,1,10,0,0,0,0,0,0,0,0,开始间隔,11
1900548,29,4,5,21,3,0,0,0,0,0,0,0,0,显示波数后5秒激活出生点1,11
1900549,29,5,10,1,0,0,0,0,0,0,0,0,0,第1波结束,11
1900550,29,6,5,2,10,0,0,0,0,0,0,0,0,开始间隔,11
1900551,29,7,5,22,3,0,0,0,0,0,0,0,0,显示波数后5秒激活出生点2,11
1900552,29,8,10,2,0,0,0,0,0,0,0,0,0,第2波结束,11
1900553,29,9,5,3,10,0,0,0,0,0,0,0,0,开始间隔,11
1900554,29,10,5,23,3,0,0,0,0,0,0,0,0,显示波数后5秒激活出生点3,11
1900555,29,11,10,3,0,0,0,0,0,0,0,0,0,第3波结束,11
1900556,29,12,5,4,10,0,0,0,0,0,0,0,0,开始间隔,11
1900557,29,13,5,24,3,0,0,0,0,0,0,0,0,显示波数后5秒激活出生点4,11
1900558,29,14,10,4,0,0,0,0,0,0,0,0,0,第4波结束,11
1900559,29,15,5,5,10,0,0,0,0,0,0,0,0,开始间隔,11
1900560,29,16,5,25,3,0,0,0,0,0,0,0,0,显示波数后5秒激活出生点5,11
1900561,29,17,10,5,0,0,0,0,0,0,0,0,0,第5波结束,11
1900562,29,18,5,102,10,0,0,0,0,0,0,0,0,倒计时10秒结束关卡,11
1966081,30,1,5,100,60,0,0,0,0,0,0,0,0,倒计时60秒开始游戏,11
1966082,30,2,5,101,3,0,0,0,0,0,0,0,0,开局倒计时结束后目标文字显示间隔5秒,11
1966083,30,3,5,1,10,0,0,0,0,0,0,0,0,开始间隔,11
1966084,30,4,5,21,3,0,0,0,0,0,0,0,0,显示波数后5秒激活出生点1,11
1966085,30,5,10,1,0,0,0,0,0,0,0,0,0,第1波结束,11
1966086,30,6,5,2,10,0,0,0,0,0,0,0,0,开始间隔,11
1966087,30,7,5,22,3,0,0,0,0,0,0,0,0,显示波数后5秒激活出生点2,11
1966088,30,8,10,2,0,0,0,0,0,0,0,0,0,第2波结束,11
1966089,30,9,5,3,10,0,0,0,0,0,0,0,0,开始间隔,11
1966090,30,10,5,23,3,0,0,0,0,0,0,0,0,显示波数后5秒激活出生点3,11
1966091,30,11,10,3,0,0,0,0,0,0,0,0,0,第3波结束,11
1966092,30,12,5,4,10,0,0,0,0,0,0,0,0,开始间隔,11
1966093,30,13,5,24,3,0,0,0,0,0,0,0,0,显示波数后5秒激活出生点4,11
1966094,30,14,10,4,0,0,0,0,0,0,0,0,0,第4波结束,11
1966095,30,15,5,5,10,0,0,0,0,0,0,0,0,开始间隔,11
1966096,30,16,5,25,3,0,0,0,0,0,0,0,0,显示波数后5秒激活出生点5,11
1966097,30,17,10,5,0,0,0,0,0,0,0,0,0,第5波结束,11
1966098,30,18,5,102,10,0,0,0,0,0,0,0,0,倒计时10秒结束关卡,11
2031617,31,1,5,100,60,0,0,0,0,0,0,0,0,倒计时60秒开始游戏,11
2031618,31,2,5,101,3,0,0,0,0,0,0,0,0,开局倒计时结束后目标文字显示间隔5秒,11
2031619,31,3,5,1,10,0,0,0,0,0,0,0,0,开始间隔,11
2031620,31,4,5,21,3,0,0,0,0,0,0,0,0,显示波数后5秒激活出生点1,11
2031621,31,5,10,1,0,0,0,0,0,0,0,0,0,第1波结束,11
2031622,31,6,5,2,10,0,0,0,0,0,0,0,0,开始间隔,11
2031623,31,7,5,22,3,0,0,0,0,0,0,0,0,显示波数后5秒激活出生点2,11
2031624,31,8,10,2,0,0,0,0,0,0,0,0,0,第2波结束,11
2031625,31,9,5,3,10,0,0,0,0,0,0,0,0,开始间隔,11
2031626,31,10,5,23,3,0,0,0,0,0,0,0,0,显示波数后5秒激活出生点3,11
2031627,31,11,10,3,0,0,0,0,0,0,0,0,0,第3波结束,11
2031628,31,12,5,4,10,0,0,0,0,0,0,0,0,开始间隔,11
2031629,31,13,5,24,3,0,0,0,0,0,0,0,0,显示波数后5秒激活出生点4,11
2031630,31,14,10,4,0,0,0,0,0,0,0,0,0,第4波结束,11
2031631,31,15,5,5,10,0,0,0,0,0,0,0,0,开始间隔,11
2031632,31,16,5,25,3,0,0,0,0,0,0,0,0,显示波数后5秒激活出生点5,11
2031633,31,17,10,5,0,0,0,0,0,0,0,0,0,第5波结束,11
2031634,31,18,5,6,10,0,0,0,0,0,0,0,0,开始间隔,11
2031635,31,19,5,26,3,0,0,0,0,0,0,0,0,显示波数后5秒激活出生点6,11
2031636,31,20,10,6,0,0,0,0,0,0,0,0,0,第6波结束,11
2031637,31,21,5,7,10,0,0,0,0,0,0,0,0,开始间隔,11
2031638,31,22,5,27,3,0,0,0,0,0,0,0,0,显示波数后5秒激活出生点7,11
2031639,31,23,10,7,0,0,0,0,0,0,0,0,0,第7波结束,11
2031640,31,24,5,8,10,0,0,0,0,0,0,0,0,开始间隔,11
2031641,31,25,5,28,3,0,0,0,0,0,0,0,0,显示波数后5秒激活出生点8,11
2031642,31,26,10,8,0,0,0,0,0,0,0,0,0,第8波结束,11
2031643,31,27,5,9,10,0,0,0,0,0,0,0,0,开始间隔,11
2031644,31,28,5,29,3,0,0,0,0,0,0,0,0,显示波数后5秒激活出生点9,11
2031645,31,29,10,9,0,0,0,0,0,0,0,0,0,第9波结束,11
2031646,31,30,5,10,10,0,0,0,0,0,0,0,0,开始间隔,11
2031647,31,31,5,30,3,0,0,0,0,0,0,0,0,显示波数后5秒激活出生点10,11
2031648,31,32,10,10,0,0,0,0,0,0,0,0,0,第10波结束,11
2031649,31,33,5,102,10,0,0,0,0,0,0,0,0,倒计时10秒结束关卡,11
2097153,32,1,5,100,60,0,0,0,0,0,0,0,0,倒计时60秒开始游戏,11
2097154,32,2,5,101,3,0,0,0,0,0,0,0,0,开局倒计时结束后目标文字显示间隔5秒,11
2097155,32,3,5,1,10,0,0,0,0,0,0,0,0,开始间隔,11
2097156,32,4,5,21,3,0,0,0,0,0,0,0,0,显示波数后5秒激活出生点1,11
2097157,32,5,10,1,0,0,0,0,0,0,0,0,0,第1波结束,11
2097158,32,6,5,2,10,0,0,0,0,0,0,0,0,开始间隔,11
2097159,32,7,5,22,3,0,0,0,0,0,0,0,0,显示波数后5秒激活出生点2,11
2097160,32,8,10,2,0,0,0,0,0,0,0,0,0,第2波结束,11
2097161,32,9,5,3,10,0,0,0,0,0,0,0,0,开始间隔,11
2097162,32,10,5,23,3,0,0,0,0,0,0,0,0,显示波数后5秒激活出生点3,11
2097163,32,11,10,3,0,0,0,0,0,0,0,0,0,第3波结束,11
2097164,32,12,5,4,10,0,0,0,0,0,0,0,0,开始间隔,11
2097165,32,13,5,24,3,0,0,0,0,0,0,0,0,显示波数后5秒激活出生点4,11
2097166,32,14,10,4,0,0,0,0,0,0,0,0,0,第4波结束,11
2097167,32,15,5,5,10,0,0,0,0,0,0,0,0,开始间隔,11
2097168,32,16,5,25,3,0,0,0,0,0,0,0,0,显示波数后5秒激活出生点5,11
2097169,32,17,10,5,0,0,0,0,0,0,0,0,0,第5波结束,11
2097170,32,18,5,6,10,0,0,0,0,0,0,0,0,开始间隔,11
2097171,32,19,5,26,3,0,0,0,0,0,0,0,0,显示波数后5秒激活出生点6,11
2097172,32,20,10,6,0,0,0,0,0,0,0,0,0,第6波结束,11
2097173,32,21,5,7,10,0,0,0,0,0,0,0,0,开始间隔,11
2097174,32,22,5,27,3,0,0,0,0,0,0,0,0,显示波数后5秒激活出生点7,11
2097175,32,23,10,7,0,0,0,0,0,0,0,0,0,第7波结束,11
2097176,32,24,5,8,10,0,0,0,0,0,0,0,0,开始间隔,11
2097177,32,25,5,28,3,0,0,0,0,0,0,0,0,显示波数后5秒激活出生点8,11
2097178,32,26,10,8,0,0,0,0,0,0,0,0,0,第8波结束,11
2097179,32,27,5,9,10,0,0,0,0,0,0,0,0,开始间隔,11
2097180,32,28,5,29,3,0,0,0,0,0,0,0,0,显示波数后5秒激活出生点9,11
2097181,32,29,10,9,0,0,0,0,0,0,0,0,0,第9波结束,11
2097182,32,30,5,10,10,0,0,0,0,0,0,0,0,开始间隔,11
2097183,32,31,5,30,3,0,0,0,0,0,0,0,0,显示波数后5秒激活出生点10,11
2097184,32,32,10,10,0,0,0,0,0,0,0,0,0,第10波结束,11
2097185,32,33,5,102,10,0,0,0,0,0,0,0,0,倒计时10秒结束关卡,11
2162689,33,1,5,100,60,0,0,0,0,0,0,0,0,倒计时60秒开始游戏,11
2162690,33,2,5,101,3,0,0,0,0,0,0,0,0,开局倒计时结束后目标文字显示间隔5秒,11
2162691,33,3,5,1,10,0,0,0,0,0,0,0,0,开始间隔,11
2162692,33,4,5,21,3,0,0,0,0,0,0,0,0,显示波数后5秒激活出生点1,11
2162693,33,5,10,1,0,0,0,0,0,0,0,0,0,第1波结束,11
2162694,33,6,5,2,10,0,0,0,0,0,0,0,0,开始间隔,11
2162695,33,7,5,22,3,0,0,0,0,0,0,0,0,显示波数后5秒激活出生点2,11
2162696,33,8,10,2,0,0,0,0,0,0,0,0,0,第2波结束,11
2162697,33,9,5,3,10,0,0,0,0,0,0,0,0,开始间隔,11
2162698,33,10,5,23,3,0,0,0,0,0,0,0,0,显示波数后5秒激活出生点3,11
2162699,33,11,10,3,0,0,0,0,0,0,0,0,0,第3波结束,11
2162700,33,12,5,4,10,0,0,0,0,0,0,0,0,开始间隔,11
2162701,33,13,5,24,3,0,0,0,0,0,0,0,0,显示波数后5秒激活出生点4,11
2162702,33,14,10,4,0,0,0,0,0,0,0,0,0,第4波结束,11
2162703,33,15,5,5,10,0,0,0,0,0,0,0,0,开始间隔,11
2162704,33,16,5,25,3,0,0,0,0,0,0,0,0,显示波数后5秒激活出生点5,11
2162705,33,17,10,5,0,0,0,0,0,0,0,0,0,第5波结束,11
2162706,33,18,5,6,10,0,0,0,0,0,0,0,0,开始间隔,11
2162707,33,19,5,26,3,0,0,0,0,0,0,0,0,显示波数后5秒激活出生点6,11
2162708,33,20,10,6,0,0,0,0,0,0,0,0,0,第6波结束,11
2162709,33,21,5,7,10,0,0,0,0,0,0,0,0,开始间隔,11
2162710,33,22,5,27,3,0,0,0,0,0,0,0,0,显示波数后5秒激活出生点7,11
2162711,33,23,10,7,0,0,0,0,0,0,0,0,0,第7波结束,11
2162712,33,24,5,8,10,0,0,0,0,0,0,0,0,开始间隔,11
2162713,33,25,5,28,3,0,0,0,0,0,0,0,0,显示波数后5秒激活出生点8,11
2162714,33,26,10,8,0,0,0,0,0,0,0,0,0,第8波结束,11
2162715,33,27,5,9,10,0,0,0,0,0,0,0,0,开始间隔,11
2162716,33,28,5,29,3,0,0,0,0,0,0,0,0,显示波数后5秒激活出生点9,11
2162717,33,29,10,9,0,0,0,0,0,0,0,0,0,第9波结束,11
2162718,33,30,5,10,10,0,0,0,0,0,0,0,0,开始间隔,11
2162719,33,31,5,30,3,0,0,0,0,0,0,0,0,显示波数后5秒激活出生点10,11
2162720,33,32,10,10,0,0,0,0,0,0,0,0,0,第10波结束,11
2162721,33,33,5,102,10,0,0,0,0,0,0,0,0,倒计时10秒结束关卡,11
2228225,34,1,5,100,60,0,0,0,0,0,0,0,0,倒计时60秒开始游戏,11
2228226,34,2,5,101,3,0,0,0,0,0,0,0,0,开局倒计时结束后目标文字显示间隔5秒,11
2228227,34,3,5,1,10,0,0,0,0,0,0,0,0,开始间隔,11
2228228,34,4,5,21,3,0,0,0,0,0,0,0,0,显示波数后5秒激活出生点1,11
2228229,34,5,10,1,0,0,0,0,0,0,0,0,0,第1波结束,11
2228230,34,6,5,2,10,0,0,0,0,0,0,0,0,开始间隔,11
2228231,34,7,5,22,3,0,0,0,0,0,0,0,0,显示波数后5秒激活出生点2,11
2228232,34,8,10,2,0,0,0,0,0,0,0,0,0,第2波结束,11
2228233,34,9,5,3,10,0,0,0,0,0,0,0,0,开始间隔,11
2228234,34,10,5,23,3,0,0,0,0,0,0,0,0,显示波数后5秒激活出生点3,11
2228235,34,11,10,3,0,0,0,0,0,0,0,0,0,第3波结束,11
2228236,34,12,5,4,10,0,0,0,0,0,0,0,0,开始间隔,11
2228237,34,13,5,24,3,0,0,0,0,0,0,0,0,显示波数后5秒激活出生点4,11
2228238,34,14,10,4,0,0,0,0,0,0,0,0,0,第4波结束,11
2228239,34,15,5,5,10,0,0,0,0,0,0,0,0,开始间隔,11
2228240,34,16,5,25,3,0,0,0,0,0,0,0,0,显示波数后5秒激活出生点5,11
2228241,34,17,10,5,0,0,0,0,0,0,0,0,0,第5波结束,11
2228242,34,18,5,6,10,0,0,0,0,0,0,0,0,开始间隔,11
2228243,34,19,5,26,3,0,0,0,0,0,0,0,0,显示波数后5秒激活出生点6,11
2228244,34,20,10,6,0,0,0,0,0,0,0,0,0,第6波结束,11
2228245,34,21,5,7,10,0,0,0,0,0,0,0,0,开始间隔,11
2228246,34,22,5,27,3,0,0,0,0,0,0,0,0,显示波数后5秒激活出生点7,11
2228247,34,23,10,7,0,0,0,0,0,0,0,0,0,第7波结束,11
2228248,34,24,5,8,10,0,0,0,0,0,0,0,0,开始间隔,11
2228249,34,25,5,28,3,0,0,0,0,0,0,0,0,显示波数后5秒激活出生点8,11
2228250,34,26,10,8,0,0,0,0,0,0,0,0,0,第8波结束,11
2228251,34,27,5,9,10,0,0,0,0,0,0,0,0,开始间隔,11
2228252,34,28,5,29,3,0,0,0,0,0,0,0,0,显示波数后5秒激活出生点9,11
2228253,34,29,10,9,0,0,0,0,0,0,0,0,0,第9波结束,11
2228254,34,30,5,10,10,0,0,0,0,0,0,0,0,开始间隔,11
2228255,34,31,5,30,3,0,0,0,0,0,0,0,0,显示波数后5秒激活出生点10,11
2228256,34,32,10,10,0,0,0,0,0,0,0,0,0,第10波结束,11
2228257,34,33,5,102,10,0,0,0,0,0,0,0,0,倒计时10秒结束关卡,11
2293761,35,1,5,100,60,0,0,0,0,0,0,0,0,倒计时60秒开始游戏,11
2293762,35,2,5,101,3,0,0,0,0,0,0,0,0,开局倒计时结束后目标文字显示间隔5秒,11
2293763,35,3,5,1,10,0,0,0,0,0,0,0,0,开始间隔,11
2293764,35,4,5,11,3,0,0,0,0,0,0,0,0,显示波数后5秒激活出生点1,11
2293765,35,5,11,1,0,0,0,0,0,0,0,0,0,第1波结束,11
2293766,35,6,5,2,10,0,0,0,0,0,0,0,0,开始间隔,11
2293767,35,7,5,12,3,0,0,0,0,0,0,0,0,显示波数后5秒激活出生点2,11
2293768,35,8,11,2,0,0,0,0,0,0,0,0,0,第2波结束,11
2293769,35,9,5,3,10,0,0,0,0,0,0,0,0,开始间隔,11
2293770,35,10,5,13,3,0,0,0,0,0,0,0,0,显示波数后5秒激活出生点3,11
2293771,35,11,11,3,0,0,0,0,0,0,0,0,0,第3波结束,11
2293772,35,12,5,4,10,0,0,0,0,0,0,0,0,开始间隔,11
2293773,35,13,5,14,3,0,0,0,0,0,0,0,0,显示波数后5秒激活出生点4,11
2293774,35,14,11,4,0,0,0,0,0,0,0,0,0,第4波结束,11
2293775,35,15,5,5,10,0,0,0,0,0,0,0,0,开始间隔,11
2293776,35,16,5,15,3,0,0,0,0,0,0,0,0,显示波数后5秒激活出生点5,11
2293777,35,17,11,5,0,0,0,0,0,0,0,0,0,第5波结束,11
2293778,35,18,5,6,10,0,0,0,0,0,0,0,0,开始间隔,11
2293779,35,19,5,16,3,0,0,0,0,0,0,0,0,显示波数后5秒激活出生点6,11
2293780,35,20,11,6,0,0,0,0,0,0,0,0,0,第6波结束,11
2293781,35,21,5,7,10,0,0,0,0,0,0,0,0,开始间隔,11
2293782,35,22,5,17,3,0,0,0,0,0,0,0,0,显示波数后5秒激活出生点7,11
2293783,35,23,11,7,0,0,0,0,0,0,0,0,0,第7波结束,11
2293784,35,24,5,8,10,0,0,0,0,0,0,0,0,开始间隔,11
2293785,35,25,5,18,3,0,0,0,0,0,0,0,0,显示波数后5秒激活出生点8,11
2293786,35,26,11,8,0,0,0,0,0,0,0,0,0,第8波结束,11
2293787,35,27,5,9,10,0,0,0,0,0,0,0,0,开始间隔,11
2293788,35,28,5,19,3,0,0,0,0,0,0,0,0,显示波数后5秒激活出生点9,11
2293789,35,29,11,9,0,0,0,0,0,0,0,0,0,第9波结束,11
2293790,35,30,5,10,10,0,0,0,0,0,0,0,0,开始间隔,11
2293791,35,31,5,20,3,0,0,0,0,0,0,0,0,显示波数后5秒激活出生点10,11
2293792,35,32,11,10,0,0,0,0,0,0,0,0,0,第10波结束,11
2293793,35,33,5,102,10,0,0,0,0,0,0,0,0,倒计时10秒结束关卡,11
2293794,35,34,0,2003,1,0,0,0,0,0,0,0,0,防守失败,11
2359297,36,1,5,100,60,0,0,0,0,0,0,0,0,倒计时60秒开始游戏,11
2359298,36,2,5,101,3,0,0,0,0,0,0,0,0,开局倒计时结束后目标文字显示间隔5秒,11
2359299,36,3,5,1,10,0,0,0,0,0,0,0,0,开始间隔,11
2359300,36,4,5,11,3,0,0,0,0,0,0,0,0,显示波数后5秒激活出生点1,11
2359301,36,5,11,1,0,0,0,0,0,0,0,0,0,第1波结束,11
2359302,36,6,5,2,10,0,0,0,0,0,0,0,0,开始间隔,11
2359303,36,7,5,12,3,0,0,0,0,0,0,0,0,显示波数后5秒激活出生点2,11
2359304,36,8,11,2,0,0,0,0,0,0,0,0,0,第2波结束,11
2359305,36,9,5,3,10,0,0,0,0,0,0,0,0,开始间隔,11
2359306,36,10,5,13,3,0,0,0,0,0,0,0,0,显示波数后5秒激活出生点3,11
2359307,36,11,11,3,0,0,0,0,0,0,0,0,0,第3波结束,11
2359308,36,12,5,4,10,0,0,0,0,0,0,0,0,开始间隔,11
2359309,36,13,5,14,3,0,0,0,0,0,0,0,0,显示波数后5秒激活出生点4,11
2359310,36,14,11,4,0,0,0,0,0,0,0,0,0,第4波结束,11
2359311,36,15,5,5,10,0,0,0,0,0,0,0,0,开始间隔,11
2359312,36,16,5,15,3,0,0,0,0,0,0,0,0,显示波数后5秒激活出生点5,11
2359313,36,17,11,5,0,0,0,0,0,0,0,0,0,第5波结束,11
2359314,36,18,5,6,10,0,0,0,0,0,0,0,0,开始间隔,11
2359315,36,19,5,16,3,0,0,0,0,0,0,0,0,显示波数后5秒激活出生点6,11
2359316,36,20,11,6,0,0,0,0,0,0,0,0,0,第6波结束,11
2359317,36,21,5,7,10,0,0,0,0,0,0,0,0,开始间隔,11
2359318,36,22,5,17,3,0,0,0,0,0,0,0,0,显示波数后5秒激活出生点7,11
2359319,36,23,11,7,0,0,0,0,0,0,0,0,0,第7波结束,11
2359320,36,24,5,8,10,0,0,0,0,0,0,0,0,开始间隔,11
2359321,36,25,5,18,3,0,0,0,0,0,0,0,0,显示波数后5秒激活出生点8,11
2359322,36,26,11,8,0,0,0,0,0,0,0,0,0,第8波结束,11
2359323,36,27,5,9,10,0,0,0,0,0,0,0,0,开始间隔,11
2359324,36,28,5,19,3,0,0,0,0,0,0,0,0,显示波数后5秒激活出生点9,11
2359325,36,29,11,9,0,0,0,0,0,0,0,0,0,第9波结束,11
2359326,36,30,5,10,10,0,0,0,0,0,0,0,0,开始间隔,11
2359327,36,31,5,20,3,0,0,0,0,0,0,0,0,显示波数后5秒激活出生点10,11
2359328,36,32,11,10,0,0,0,0,0,0,0,0,0,第10波结束,11
2359329,36,33,5,102,10,0,0,0,0,0,0,0,0,倒计时10秒结束关卡,11
2359330,36,34,0,2003,1,0,0,0,0,0,0,0,0,防守失败,11
2424833,37,1,5,100,60,0,0,0,0,0,0,0,0,倒计时60秒开始游戏,11
2424834,37,2,5,101,3,0,0,0,0,0,0,0,0,开局倒计时结束后目标文字显示间隔5秒,11
2424835,37,3,5,1,10,0,0,0,0,0,0,0,0,开始间隔,11
2424836,37,4,5,11,3,0,0,0,0,0,0,0,0,显示波数后5秒激活出生点1,11
2424837,37,5,11,1,0,0,0,0,0,0,0,0,0,第1波结束,11
2424838,37,6,5,2,10,0,0,0,0,0,0,0,0,开始间隔,11
2424839,37,7,5,12,3,0,0,0,0,0,0,0,0,显示波数后5秒激活出生点2,11
2424840,37,8,11,2,0,0,0,0,0,0,0,0,0,第2波结束,11
2424841,37,9,5,3,10,0,0,0,0,0,0,0,0,开始间隔,11
2424842,37,10,5,13,3,0,0,0,0,0,0,0,0,显示波数后5秒激活出生点3,11
2424843,37,11,11,3,0,0,0,0,0,0,0,0,0,第3波结束,11
2424844,37,12,5,4,10,0,0,0,0,0,0,0,0,开始间隔,11
2424845,37,13,5,14,3,0,0,0,0,0,0,0,0,显示波数后5秒激活出生点4,11
2424846,37,14,11,4,0,0,0,0,0,0,0,0,0,第4波结束,11
2424847,37,15,5,5,10,0,0,0,0,0,0,0,0,开始间隔,11
2424848,37,16,5,15,3,0,0,0,0,0,0,0,0,显示波数后5秒激活出生点5,11
2424849,37,17,11,5,0,0,0,0,0,0,0,0,0,第5波结束,11
2424850,37,18,5,6,10,0,0,0,0,0,0,0,0,开始间隔,11
2424851,37,19,5,16,3,0,0,0,0,0,0,0,0,显示波数后5秒激活出生点6,11
2424852,37,20,11,6,0,0,0,0,0,0,0,0,0,第6波结束,11
2424853,37,21,5,7,10,0,0,0,0,0,0,0,0,开始间隔,11
2424854,37,22,5,17,3,0,0,0,0,0,0,0,0,显示波数后5秒激活出生点7,11
2424855,37,23,11,7,0,0,0,0,0,0,0,0,0,第7波结束,11
2424856,37,24,5,8,10,0,0,0,0,0,0,0,0,开始间隔,11
2424857,37,25,5,18,3,0,0,0,0,0,0,0,0,显示波数后5秒激活出生点8,11
2424858,37,26,11,8,0,0,0,0,0,0,0,0,0,第8波结束,11
2424859,37,27,5,9,10,0,0,0,0,0,0,0,0,开始间隔,11
2424860,37,28,5,19,3,0,0,0,0,0,0,0,0,显示波数后5秒激活出生点9,11
2424861,37,29,11,9,0,0,0,0,0,0,0,0,0,第9波结束,11
2424862,37,30,5,10,10,0,0,0,0,0,0,0,0,开始间隔,11
2424863,37,31,5,20,3,0,0,0,0,0,0,0,0,显示波数后5秒激活出生点10,11
2424864,37,32,11,10,0,0,0,0,0,0,0,0,0,第10波结束,11
2424865,37,33,5,102,10,0,0,0,0,0,0,0,0,倒计时10秒结束关卡,11
2424866,37,34,0,2003,1,0,0,0,0,0,0,0,0,防守失败,11
2490369,38,1,5,100,60,0,0,0,0,0,0,0,0,倒计时60秒开始游戏,11
2490370,38,2,5,101,3,0,0,0,0,0,0,0,0,开局倒计时结束后目标文字显示间隔5秒,11
2490371,38,3,5,1,10,0,0,0,0,0,0,0,0,开始间隔,11
2490372,38,4,5,11,3,0,0,0,0,0,0,0,0,显示波数后5秒激活出生点1,11
2490373,38,5,11,1,0,0,0,0,0,0,0,0,0,第1波结束,11
2490374,38,6,5,2,10,0,0,0,0,0,0,0,0,开始间隔,11
2490375,38,7,5,12,3,0,0,0,0,0,0,0,0,显示波数后5秒激活出生点2,11
2490376,38,8,11,2,0,0,0,0,0,0,0,0,0,第2波结束,11
2490377,38,9,5,3,10,0,0,0,0,0,0,0,0,开始间隔,11
2490378,38,10,5,13,3,0,0,0,0,0,0,0,0,显示波数后5秒激活出生点3,11
2490379,38,11,11,3,0,0,0,0,0,0,0,0,0,第3波结束,11
2490380,38,12,5,4,10,0,0,0,0,0,0,0,0,开始间隔,11
2490381,38,13,5,14,3,0,0,0,0,0,0,0,0,显示波数后5秒激活出生点4,11
2490382,38,14,11,4,0,0,0,0,0,0,0,0,0,第4波结束,11
2490383,38,15,5,5,10,0,0,0,0,0,0,0,0,开始间隔,11
2490384,38,16,5,15,3,0,0,0,0,0,0,0,0,显示波数后5秒激活出生点5,11
2490385,38,17,11,5,0,0,0,0,0,0,0,0,0,第5波结束,11
2490386,38,18,5,6,10,0,0,0,0,0,0,0,0,开始间隔,11
2490387,38,19,5,16,3,0,0,0,0,0,0,0,0,显示波数后5秒激活出生点6,11
2490388,38,20,11,6,0,0,0,0,0,0,0,0,0,第6波结束,11
2490389,38,21,5,7,10,0,0,0,0,0,0,0,0,开始间隔,11
2490390,38,22,5,17,3,0,0,0,0,0,0,0,0,显示波数后5秒激活出生点7,11
2490391,38,23,11,7,0,0,0,0,0,0,0,0,0,第7波结束,11
2490392,38,24,5,8,10,0,0,0,0,0,0,0,0,开始间隔,11
2490393,38,25,5,18,3,0,0,0,0,0,0,0,0,显示波数后5秒激活出生点8,11
2490394,38,26,11,8,0,0,0,0,0,0,0,0,0,第8波结束,11
2490395,38,27,5,9,10,0,0,0,0,0,0,0,0,开始间隔,11
2490396,38,28,5,19,3,0,0,0,0,0,0,0,0,显示波数后5秒激活出生点9,11
2490397,38,29,11,9,0,0,0,0,0,0,0,0,0,第9波结束,11
2490398,38,30,5,10,10,0,0,0,0,0,0,0,0,开始间隔,11
2490399,38,31,5,20,3,0,0,0,0,0,0,0,0,显示波数后5秒激活出生点10,11
2490400,38,32,11,10,0,0,0,0,0,0,0,0,0,第10波结束,11
2490401,38,33,5,102,10,0,0,0,0,0,0,0,0,倒计时10秒结束关卡,11
2490402,38,34,0,2003,1,0,0,0,0,0,0,0,0,防守失败,11
2555905,39,1,5,100,60,0,0,0,0,0,0,0,0,倒计时60秒开始游戏,11
2555906,39,2,5,101,3,0,0,0,0,0,0,0,0,开局倒计时结束后目标文字显示间隔5秒,11
2555907,39,3,5,1,10,0,0,0,0,0,0,0,0,开始间隔,11
2555908,39,4,5,11,3,0,0,0,0,0,0,0,0,显示波数后5秒激活出生点1,11
2555909,39,5,11,1,0,0,0,0,0,0,0,0,0,第1波结束,11
2555910,39,6,5,2,10,0,0,0,0,0,0,0,0,开始间隔,11
2555911,39,7,5,12,3,0,0,0,0,0,0,0,0,显示波数后5秒激活出生点2,11
2555912,39,8,11,2,0,0,0,0,0,0,0,0,0,第2波结束,11
2555913,39,9,5,3,10,0,0,0,0,0,0,0,0,开始间隔,11
2555914,39,10,5,13,3,0,0,0,0,0,0,0,0,显示波数后5秒激活出生点3,11
2555915,39,11,11,3,0,0,0,0,0,0,0,0,0,第3波结束,11
2555916,39,12,5,4,10,0,0,0,0,0,0,0,0,开始间隔,11
2555917,39,13,5,14,3,0,0,0,0,0,0,0,0,显示波数后5秒激活出生点4,11
2555918,39,14,11,4,0,0,0,0,0,0,0,0,0,第4波结束,11
2555919,39,15,5,5,10,0,0,0,0,0,0,0,0,开始间隔,11
2555920,39,16,5,15,3,0,0,0,0,0,0,0,0,显示波数后5秒激活出生点5,11
2555921,39,17,11,5,0,0,0,0,0,0,0,0,0,第5波结束,11
2555922,39,18,5,6,10,0,0,0,0,0,0,0,0,开始间隔,11
2555923,39,19,5,16,3,0,0,0,0,0,0,0,0,显示波数后5秒激活出生点6,11
2555924,39,20,11,6,0,0,0,0,0,0,0,0,0,第6波结束,11
2555925,39,21,5,7,10,0,0,0,0,0,0,0,0,开始间隔,11
2555926,39,22,5,17,3,0,0,0,0,0,0,0,0,显示波数后5秒激活出生点7,11
2555927,39,23,11,7,0,0,0,0,0,0,0,0,0,第7波结束,11
2555928,39,24,5,8,10,0,0,0,0,0,0,0,0,开始间隔,11
2555929,39,25,5,18,3,0,0,0,0,0,0,0,0,显示波数后5秒激活出生点8,11
2555930,39,26,11,8,0,0,0,0,0,0,0,0,0,第8波结束,11
2555931,39,27,5,9,10,0,0,0,0,0,0,0,0,开始间隔,11
2555932,39,28,5,19,3,0,0,0,0,0,0,0,0,显示波数后5秒激活出生点9,11
2555933,39,29,11,9,0,0,0,0,0,0,0,0,0,第9波结束,11
2555934,39,30,5,10,10,0,0,0,0,0,0,0,0,开始间隔,11
2555935,39,31,5,20,3,0,0,0,0,0,0,0,0,显示波数后5秒激活出生点10,11
2555936,39,32,11,10,0,0,0,0,0,0,0,0,0,第10波结束,11
2555937,39,33,5,102,10,0,0,0,0,0,0,0,0,倒计时10秒结束关卡,11
2555938,39,34,0,2003,1,0,0,0,0,0,0,0,0,防守失败,11
2621441,40,1,5,100,60,0,0,0,0,0,0,0,0,倒计时60秒开始游戏,11
2621442,40,2,5,101,3,0,0,0,0,0,0,0,0,开局倒计时结束后目标文字显示间隔5秒,11
2621443,40,3,5,1,10,0,0,0,0,0,0,0,0,开始间隔,11
2621444,40,4,5,11,3,0,0,0,0,0,0,0,0,显示波数后5秒激活出生点1,11
2621445,40,5,11,1,0,0,0,0,0,0,0,0,0,第1波结束,11
2621446,40,6,5,2,10,0,0,0,0,0,0,0,0,开始间隔,11
2621447,40,7,5,12,3,0,0,0,0,0,0,0,0,显示波数后5秒激活出生点2,11
2621448,40,8,11,2,0,0,0,0,0,0,0,0,0,第2波结束,11
2621449,40,9,5,3,10,0,0,0,0,0,0,0,0,开始间隔,11
2621450,40,10,5,13,3,0,0,0,0,0,0,0,0,显示波数后5秒激活出生点3,11
2621451,40,11,11,3,0,0,0,0,0,0,0,0,0,第3波结束,11
2621452,40,12,5,4,10,0,0,0,0,0,0,0,0,开始间隔,11
2621453,40,13,5,14,3,0,0,0,0,0,0,0,0,显示波数后5秒激活出生点4,11
2621454,40,14,11,4,0,0,0,0,0,0,0,0,0,第4波结束,11
2621455,40,15,5,5,10,0,0,0,0,0,0,0,0,开始间隔,11
2621456,40,16,5,15,3,0,0,0,0,0,0,0,0,显示波数后5秒激活出生点5,11
2621457,40,17,11,5,0,0,0,0,0,0,0,0,0,第5波结束,11
2621458,40,18,5,6,10,0,0,0,0,0,0,0,0,开始间隔,11
2621459,40,19,5,16,3,0,0,0,0,0,0,0,0,显示波数后5秒激活出生点6,11
2621460,40,20,11,6,0,0,0,0,0,0,0,0,0,第6波结束,11
2621461,40,21,5,7,10,0,0,0,0,0,0,0,0,开始间隔,11
2621462,40,22,5,17,3,0,0,0,0,0,0,0,0,显示波数后5秒激活出生点7,11
2621463,40,23,11,7,0,0,0,0,0,0,0,0,0,第7波结束,11
2621464,40,24,5,8,10,0,0,0,0,0,0,0,0,开始间隔,11
2621465,40,25,5,18,3,0,0,0,0,0,0,0,0,显示波数后5秒激活出生点8,11
2621466,40,26,11,8,0,0,0,0,0,0,0,0,0,第8波结束,11
2621467,40,27,5,9,10,0,0,0,0,0,0,0,0,开始间隔,11
2621468,40,28,5,19,3,0,0,0,0,0,0,0,0,显示波数后5秒激活出生点9,11
2621469,40,29,11,9,0,0,0,0,0,0,0,0,0,第9波结束,11
2621470,40,30,5,10,10,0,0,0,0,0,0,0,0,开始间隔,11
2621471,40,31,5,20,3,0,0,0,0,0,0,0,0,显示波数后5秒激活出生点10,11
2621472,40,32,11,10,0,0,0,0,0,0,0,0,0,第10波结束,11
2621473,40,33,5,102,10,0,0,0,0,0,0,0,0,倒计时10秒结束关卡,11
2621474,40,34,0,2003,1,0,0,0,0,0,0,0,0,防守失败,11
